kernel,impl,mode,result,failed_vlens
volk_16i_32fc_dot_prod_32fc,a_avx2,canary,partial,2 3 4 5 6 7 8 9 10 11 12 13 14 15 16 17 18 19 20 21 22 23 24 25 26 27 28 29 30 31 32 33 34 35 36 37 38 39 40 131071 1000003 
volk_16i_32fc_dot_prod_32fc,a_avx2_fma,canary,partial,2 3 4 5 6 7 8 9 10 11 12 13 14 15 16 17 18 19 20 21 22 23 24 25 26 27 28 29 30 31 32 33 34 35 36 37 38 39 40 131071 1000003 
volk_16i_32fc_dot_prod_32fc,a_sse,canary,partial,2 3 4 5 6 7 8 9 10 11 12 13 14 15 16 17 18 19 20 21 22 23 24 25 26 27 28 29 30 31 32 33 34 35 36 37 38 39 40 131071 1000003 
volk_16i_32fc_dot_prod_32fc,generic,canary,partial,2 3 4 5 6 7 8 9 10 11 12 13 14 15 16 17 18 19 20 21 22 23 24 25 26 27 28 29 30 31 32 33 34 35 36 37 38 39 40 131071 1000003 
volk_16i_32fc_dot_prod_32fc,u_avx2,canary,partial,2 3 4 5 6 7 8 9 10 11 12 13 14 15 16 17 18 19 20 21 22 23 24 25 26 27 28 29 30 31 32 33 34 35 36 37 38 39 40 131071 1000003 
volk_16i_32fc_dot_prod_32fc,u_avx2_fma,canary,partial,2 3 4 5 6 7 8 9 10 11 12 13 14 15 16 17 18 19 20 21 22 23 24 25 26 27 28 29 30 31 32 33 34 35 36 37 38 39 40 131071 1000003 
volk_16i_32fc_dot_prod_32fc,u_sse,canary,partial,2 3 4 5 6 7 8 9 10 11 12 13 14 15 16 17 18 19 20 21 22 23 24 25 26 27 28 29 30 31 32 33 34 35 36 37 38 39 40 131071 1000003 
volk_16i_32fc_dot_prod_32fc,a_avx2,immutable,ok,
volk_16i_32fc_dot_prod_32fc,a_avx2_fma,immutable,ok,
volk_16i_32fc_dot_prod_32fc,a_sse,immutable,ok,
volk_16i_32fc_dot_prod_32fc,generic,immutable,ok,
volk_16i_32fc_dot_prod_32fc,u_avx2,immutable,ok,
volk_16i_32fc_dot_prod_32fc,u_avx2_fma,immutable,ok,
volk_16i_32fc_dot_prod_32fc,u_sse,immutable,ok,
volk_16i_32fc_dot_prod_32fc,a_avx2,impl,FAIL,131071 1000003 
volk_16i_32fc_dot_prod_32fc,a_avx2_fma,impl,FAIL,131071 1000003 
volk_16i_32fc_dot_prod_32fc,a_sse,impl,FAIL,131071 1000003 
volk_16i_32fc_dot_prod_32fc,generic,impl,ok,
volk_16i_32fc_dot_prod_32fc,u_avx2,impl,FAIL,131071 1000003 
volk_16i_32fc_dot_prod_32fc,u_avx2_fma,impl,FAIL,131071 1000003 
volk_16i_32fc_dot_prod_32fc,u_sse,impl,FAIL,131071 1000003 
volk_16i_32fc_dot_prod_32fc,generic,misaligned,ok,
volk_16i_32fc_dot_prod_32fc,u_avx2,misaligned,ok,
volk_16i_32fc_dot_prod_32fc,u_avx2_fma,misaligned,ok,
volk_16i_32fc_dot_prod_32fc,u_sse,misaligned,ok,
volk_16i_branch_4_state_8,-,canary,skip,no-qa-entry
volk_16i_branch_4_state_8,-,immutable,skip,no-qa-entry
volk_16i_branch_4_state_8,-,misaligned,skip,no-qa-entry
volk_16i_branch_4_state_8,-,sweep,skip,no-qa-entry
volk_16i_convert_8i,a_avx2,canary,ok,
volk_16i_convert_8i,a_sse2,canary,ok,
volk_16i_convert_8i,generic,canary,ok,
volk_16i_convert_8i,u_avx2,canary,ok,
volk_16i_convert_8i,u_sse2,canary,ok,
volk_16i_convert_8i,a_avx2,immutable,ok,
volk_16i_convert_8i,a_sse2,immutable,ok,
volk_16i_convert_8i,generic,immutable,ok,
volk_16i_convert_8i,u_avx2,immutable,ok,
volk_16i_convert_8i,u_sse2,immutable,ok,
volk_16i_convert_8i,a_avx2,impl,ok,
volk_16i_convert_8i,a_sse2,impl,ok,
volk_16i_convert_8i,generic,impl,ok,
volk_16i_convert_8i,u_avx2,impl,ok,
volk_16i_convert_8i,u_sse2,impl,ok,
volk_16i_convert_8i,generic,misaligned,ok,
volk_16i_convert_8i,u_avx2,misaligned,ok,
volk_16i_convert_8i,u_sse2,misaligned,ok,
volk_16i_max_star_16i,-,canary,skip,no-qa-entry
volk_16i_max_star_16i,-,immutable,skip,no-qa-entry
volk_16i_max_star_16i,-,misaligned,skip,no-qa-entry
volk_16i_max_star_16i,-,sweep,skip,no-qa-entry
volk_16i_max_star_horizontal_16i,-,canary,skip,no-qa-entry
volk_16i_max_star_horizontal_16i,-,immutable,skip,no-qa-entry
volk_16i_max_star_horizontal_16i,-,misaligned,skip,no-qa-entry
volk_16i_max_star_horizontal_16i,-,sweep,skip,no-qa-entry
volk_16i_permute_and_scalar_add,-,canary,skip,no-qa-entry
volk_16i_permute_and_scalar_add,-,immutable,skip,no-qa-entry
volk_16i_permute_and_scalar_add,-,misaligned,skip,no-qa-entry
volk_16i_permute_and_scalar_add,-,sweep,skip,no-qa-entry
volk_16i_s32f_convert_32f,a_avx,canary,ok,
volk_16i_s32f_convert_32f,a_avx2,canary,ok,
volk_16i_s32f_convert_32f,a_avx512,canary,ok,
volk_16i_s32f_convert_32f,a_sse,canary,ok,
volk_16i_s32f_convert_32f,a_sse4_1,canary,ok,
volk_16i_s32f_convert_32f,generic,canary,ok,
volk_16i_s32f_convert_32f,u_avx,canary,ok,
volk_16i_s32f_convert_32f,u_avx2,canary,ok,
volk_16i_s32f_convert_32f,u_avx512,canary,ok,
volk_16i_s32f_convert_32f,u_sse,canary,ok,
volk_16i_s32f_convert_32f,u_sse4_1,canary,ok,
volk_16i_s32f_convert_32f,a_avx,immutable,ok,
volk_16i_s32f_convert_32f,a_avx2,immutable,ok,
volk_16i_s32f_convert_32f,a_avx512,immutable,ok,
volk_16i_s32f_convert_32f,a_sse,immutable,ok,
volk_16i_s32f_convert_32f,a_sse4_1,immutable,ok,
volk_16i_s32f_convert_32f,generic,immutable,ok,
volk_16i_s32f_convert_32f,u_avx,immutable,ok,
volk_16i_s32f_convert_32f,u_avx2,immutable,ok,
volk_16i_s32f_convert_32f,u_avx512,immutable,ok,
volk_16i_s32f_convert_32f,u_sse,immutable,ok,
volk_16i_s32f_convert_32f,u_sse4_1,immutable,ok,
volk_16i_s32f_convert_32f,a_avx,impl,ok,
volk_16i_s32f_convert_32f,a_avx2,impl,ok,
volk_16i_s32f_convert_32f,a_avx512,impl,ok,
volk_16i_s32f_convert_32f,a_sse,impl,ok,
volk_16i_s32f_convert_32f,a_sse4_1,impl,ok,
volk_16i_s32f_convert_32f,generic,impl,ok,
volk_16i_s32f_convert_32f,u_avx,impl,ok,
volk_16i_s32f_convert_32f,u_avx2,impl,ok,
volk_16i_s32f_convert_32f,u_avx512,impl,ok,
volk_16i_s32f_convert_32f,u_sse,impl,ok,
volk_16i_s32f_convert_32f,u_sse4_1,impl,ok,
volk_16i_s32f_convert_32f,generic,misaligned,ok,
volk_16i_s32f_convert_32f,u_avx,misaligned,ok,
volk_16i_s32f_convert_32f,u_avx2,misaligned,ok,
volk_16i_s32f_convert_32f,u_avx512,misaligned,ok,
volk_16i_s32f_convert_32f,u_sse,misaligned,ok,
volk_16i_s32f_convert_32f,u_sse4_1,misaligned,ok,
volk_16i_x2_add_saturated_16i,a_avx2,canary,ok,
volk_16i_x2_add_saturated_16i,a_sse2,canary,ok,
volk_16i_x2_add_saturated_16i,generic,canary,ok,
volk_16i_x2_add_saturated_16i,u_avx2,canary,ok,
volk_16i_x2_add_saturated_16i,u_sse2,canary,ok,
volk_16i_x2_add_saturated_16i,a_avx2,immutable,ok,
volk_16i_x2_add_saturated_16i,a_sse2,immutable,ok,
volk_16i_x2_add_saturated_16i,generic,immutable,ok,
volk_16i_x2_add_saturated_16i,u_avx2,immutable,ok,
volk_16i_x2_add_saturated_16i,u_sse2,immutable,ok,
volk_16i_x2_add_saturated_16i,a_avx2,impl,ok,
volk_16i_x2_add_saturated_16i,a_sse2,impl,ok,
volk_16i_x2_add_saturated_16i,generic,impl,ok,
volk_16i_x2_add_saturated_16i,u_avx2,impl,ok,
volk_16i_x2_add_saturated_16i,u_sse2,impl,ok,
volk_16i_x2_add_saturated_16i,generic,misaligned,ok,
volk_16i_x2_add_saturated_16i,u_avx2,misaligned,ok,
volk_16i_x2_add_saturated_16i,u_sse2,misaligned,ok,
volk_16i_x4_quad_max_star_16i,-,canary,skip,no-qa-entry
volk_16i_x4_quad_max_star_16i,-,immutable,skip,no-qa-entry
volk_16i_x4_quad_max_star_16i,-,misaligned,skip,no-qa-entry
volk_16i_x4_quad_max_star_16i,-,sweep,skip,no-qa-entry
volk_16i_x5_add_quad_16i_x4,-,canary,skip,no-qa-entry
volk_16i_x5_add_quad_16i_x4,-,immutable,skip,no-qa-entry
volk_16i_x5_add_quad_16i_x4,-,misaligned,skip,no-qa-entry
volk_16i_x5_add_quad_16i_x4,-,sweep,skip,no-qa-entry
volk_16ic_convert_32fc,a_avx,canary,ok,
volk_16ic_convert_32fc,a_avx2,canary,ok,
volk_16ic_convert_32fc,a_avx512,canary,ok,
volk_16ic_convert_32fc,a_sse2,canary,ok,
volk_16ic_convert_32fc,generic,canary,ok,
volk_16ic_convert_32fc,u_avx,canary,ok,
volk_16ic_convert_32fc,u_avx2,canary,ok,
volk_16ic_convert_32fc,u_avx512,canary,ok,
volk_16ic_convert_32fc,u_sse2,canary,ok,
volk_16ic_convert_32fc,a_avx,immutable,ok,
volk_16ic_convert_32fc,a_avx2,immutable,ok,
volk_16ic_convert_32fc,a_avx512,immutable,ok,
volk_16ic_convert_32fc,a_sse2,immutable,ok,
volk_16ic_convert_32fc,generic,immutable,ok,
volk_16ic_convert_32fc,u_avx,immutable,ok,
volk_16ic_convert_32fc,u_avx2,immutable,ok,
volk_16ic_convert_32fc,u_avx512,immutable,ok,
volk_16ic_convert_32fc,u_sse2,immutable,ok,
volk_16ic_convert_32fc,a_avx,impl,ok,
volk_16ic_convert_32fc,a_avx2,impl,ok,
volk_16ic_convert_32fc,a_avx512,impl,ok,
volk_16ic_convert_32fc,a_sse2,impl,ok,
volk_16ic_convert_32fc,generic,impl,ok,
volk_16ic_convert_32fc,u_avx,impl,ok,
volk_16ic_convert_32fc,u_avx2,impl,ok,
volk_16ic_convert_32fc,u_avx512,impl,ok,
volk_16ic_convert_32fc,u_sse2,impl,ok,
volk_16ic_convert_32fc,generic,misaligned,ok,
volk_16ic_convert_32fc,u_avx,misaligned,ok,
volk_16ic_convert_32fc,u_avx2,misaligned,ok,
volk_16ic_convert_32fc,u_avx512,misaligned,ok,
volk_16ic_convert_32fc,u_sse2,misaligned,ok,
volk_16ic_deinterleave_16i_x2,a_avx2,canary,ok,
volk_16ic_deinterleave_16i_x2,a_sse2,canary,ok,
volk_16ic_deinterleave_16i_x2,a_ssse3,canary,ok,
volk_16ic_deinterleave_16i_x2,generic,canary,ok,
volk_16ic_deinterleave_16i_x2,u_avx2,canary,ok,
volk_16ic_deinterleave_16i_x2,u_orc,canary,ok,
volk_16ic_deinterleave_16i_x2,a_avx2,immutable,ok,
volk_16ic_deinterleave_16i_x2,a_sse2,immutable,ok,
volk_16ic_deinterleave_16i_x2,a_ssse3,immutable,ok,
volk_16ic_deinterleave_16i_x2,generic,immutable,ok,
volk_16ic_deinterleave_16i_x2,u_avx2,immutable,ok,
volk_16ic_deinterleave_16i_x2,u_orc,immutable,ok,
volk_16ic_deinterleave_16i_x2,a_avx2,impl,ok,
volk_16ic_deinterleave_16i_x2,a_sse2,impl,ok,
volk_16ic_deinterleave_16i_x2,a_ssse3,impl,ok,
volk_16ic_deinterleave_16i_x2,generic,impl,ok,
volk_16ic_deinterleave_16i_x2,u_avx2,impl,ok,
volk_16ic_deinterleave_16i_x2,u_orc,impl,ok,
volk_16ic_deinterleave_16i_x2,generic,misaligned,ok,
volk_16ic_deinterleave_16i_x2,u_avx2,misaligned,ok,
volk_16ic_deinterleave_16i_x2,u_orc,misaligned,ok,
volk_16ic_deinterleave_real_16i,a_avx2,canary,ok,
volk_16ic_deinterleave_real_16i,a_sse2,canary,ok,
volk_16ic_deinterleave_real_16i,a_ssse3,canary,ok,
volk_16ic_deinterleave_real_16i,generic,canary,ok,
volk_16ic_deinterleave_real_16i,u_avx2,canary,ok,
volk_16ic_deinterleave_real_16i,a_avx2,immutable,ok,
volk_16ic_deinterleave_real_16i,a_sse2,immutable,ok,
volk_16ic_deinterleave_real_16i,a_ssse3,immutable,ok,
volk_16ic_deinterleave_real_16i,generic,immutable,ok,
volk_16ic_deinterleave_real_16i,u_avx2,immutable,ok,
volk_16ic_deinterleave_real_16i,a_avx2,impl,ok,
volk_16ic_deinterleave_real_16i,a_sse2,impl,ok,
volk_16ic_deinterleave_real_16i,a_ssse3,impl,ok,
volk_16ic_deinterleave_real_16i,generic,impl,ok,
volk_16ic_deinterleave_real_16i,u_avx2,impl,ok,
volk_16ic_deinterleave_real_16i,generic,misaligned,ok,
volk_16ic_deinterleave_real_16i,u_avx2,misaligned,ok,
volk_16ic_deinterleave_real_8i,a_avx2,canary,ok,
volk_16ic_deinterleave_real_8i,a_ssse3,canary,ok,
volk_16ic_deinterleave_real_8i,generic,canary,ok,
volk_16ic_deinterleave_real_8i,u_avx2,canary,ok,
volk_16ic_deinterleave_real_8i,u_orc,canary,ok,
volk_16ic_deinterleave_real_8i,a_avx2,immutable,ok,
volk_16ic_deinterleave_real_8i,a_ssse3,immutable,ok,
volk_16ic_deinterleave_real_8i,generic,immutable,ok,
volk_16ic_deinterleave_real_8i,u_avx2,immutable,ok,
volk_16ic_deinterleave_real_8i,u_orc,immutable,ok,
volk_16ic_deinterleave_real_8i,a_avx2,impl,ok,
volk_16ic_deinterleave_real_8i,a_ssse3,impl,ok,
volk_16ic_deinterleave_real_8i,generic,impl,ok,
volk_16ic_deinterleave_real_8i,u_avx2,impl,ok,
volk_16ic_deinterleave_real_8i,u_orc,impl,ok,
volk_16ic_deinterleave_real_8i,generic,misaligned,ok,
volk_16ic_deinterleave_real_8i,u_avx2,misaligned,ok,
volk_16ic_deinterleave_real_8i,u_orc,misaligned,ok,
volk_16ic_magnitude_16i,a_avx2,canary,ok,
volk_16ic_magnitude_16i,a_sse,canary,ok,
volk_16ic_magnitude_16i,a_sse3,canary,ok,
volk_16ic_magnitude_16i,generic,canary,ok,
volk_16ic_magnitude_16i,u_avx2,canary,ok,
volk_16ic_magnitude_16i,a_avx2,immutable,ok,
volk_16ic_magnitude_16i,a_sse,immutable,ok,
volk_16ic_magnitude_16i,a_sse3,immutable,ok,
volk_16ic_magnitude_16i,generic,immutable,ok,
volk_16ic_magnitude_16i,u_avx2,immutable,ok,
volk_16ic_magnitude_16i,a_avx2,impl,ok,
volk_16ic_magnitude_16i,a_sse,impl,ok,
volk_16ic_magnitude_16i,a_sse3,impl,ok,
volk_16ic_magnitude_16i,generic,impl,ok,
volk_16ic_magnitude_16i,u_avx2,impl,ok,
volk_16ic_magnitude_16i,generic,misaligned,ok,
volk_16ic_magnitude_16i,u_avx2,misaligned,ok,
volk_16ic_s32f_deinterleave_32f_x2,a_avx2,canary,ok,
volk_16ic_s32f_deinterleave_32f_x2,a_sse,canary,ok,
volk_16ic_s32f_deinterleave_32f_x2,generic,canary,ok,
volk_16ic_s32f_deinterleave_32f_x2,u_avx2,canary,ok,
volk_16ic_s32f_deinterleave_32f_x2,u_orc,canary,ok,
volk_16ic_s32f_deinterleave_32f_x2,a_avx2,immutable,ok,
volk_16ic_s32f_deinterleave_32f_x2,a_sse,immutable,ok,
volk_16ic_s32f_deinterleave_32f_x2,generic,immutable,ok,
volk_16ic_s32f_deinterleave_32f_x2,u_avx2,immutable,ok,
volk_16ic_s32f_deinterleave_32f_x2,u_orc,immutable,ok,
volk_16ic_s32f_deinterleave_32f_x2,a_avx2,impl,ok,
volk_16ic_s32f_deinterleave_32f_x2,a_sse,impl,ok,
volk_16ic_s32f_deinterleave_32f_x2,generic,impl,ok,
volk_16ic_s32f_deinterleave_32f_x2,u_avx2,impl,ok,
volk_16ic_s32f_deinterleave_32f_x2,u_orc,impl,ok,
volk_16ic_s32f_deinterleave_32f_x2,generic,misaligned,ok,
volk_16ic_s32f_deinterleave_32f_x2,u_avx2,misaligned,ok,
volk_16ic_s32f_deinterleave_32f_x2,u_orc,misaligned,ok,
volk_16ic_s32f_deinterleave_real_32f,a_avx2,canary,ok,
volk_16ic_s32f_deinterleave_real_32f,a_sse,canary,ok,
volk_16ic_s32f_deinterleave_real_32f,a_sse4_1,canary,ok,
volk_16ic_s32f_deinterleave_real_32f,generic,canary,ok,
volk_16ic_s32f_deinterleave_real_32f,u_avx2,canary,ok,
volk_16ic_s32f_deinterleave_real_32f,a_avx2,immutable,ok,
volk_16ic_s32f_deinterleave_real_32f,a_sse,immutable,ok,
volk_16ic_s32f_deinterleave_real_32f,a_sse4_1,immutable,ok,
volk_16ic_s32f_deinterleave_real_32f,generic,immutable,ok,
volk_16ic_s32f_deinterleave_real_32f,u_avx2,immutable,ok,
volk_16ic_s32f_deinterleave_real_32f,a_avx2,impl,ok,
volk_16ic_s32f_deinterleave_real_32f,a_sse,impl,ok,
volk_16ic_s32f_deinterleave_real_32f,a_sse4_1,impl,ok,
volk_16ic_s32f_deinterleave_real_32f,generic,impl,ok,
volk_16ic_s32f_deinterleave_real_32f,u_avx2,impl,ok,
volk_16ic_s32f_deinterleave_real_32f,generic,misaligned,ok,
volk_16ic_s32f_deinterleave_real_32f,u_avx2,misaligned,ok,
volk_16ic_s32f_magnitude_32f,a_avx2,canary,ok,
volk_16ic_s32f_magnitude_32f,a_sse,canary,ok,
volk_16ic_s32f_magnitude_32f,a_sse3,canary,ok,
volk_16ic_s32f_magnitude_32f,generic,canary,ok,
volk_16ic_s32f_magnitude_32f,u_avx2,canary,ok,
volk_16ic_s32f_magnitude_32f,a_avx2,immutable,ok,
volk_16ic_s32f_magnitude_32f,a_sse,immutable,ok,
volk_16ic_s32f_magnitude_32f,a_sse3,immutable,ok,
volk_16ic_s32f_magnitude_32f,generic,immutable,ok,
volk_16ic_s32f_magnitude_32f,u_avx2,immutable,ok,
volk_16ic_s32f_magnitude_32f,a_avx2,impl,ok,
volk_16ic_s32f_magnitude_32f,a_sse,impl,ok,
volk_16ic_s32f_magnitude_32f,a_sse3,impl,ok,
volk_16ic_s32f_magnitude_32f,generic,impl,ok,
volk_16ic_s32f_magnitude_32f,u_avx2,impl,ok,
volk_16ic_s32f_magnitude_32f,generic,misaligned,ok,
volk_16ic_s32f_magnitude_32f,u_avx2,misaligned,ok,
volk_16ic_x2_dot_prod_16ic,a_avx2,canary,partial,2 3 4 5 6 7 8 9 10 11 12 13 14 15 16 17 18 19 20 21 22 23 24 25 26 27 28 29 30 31 32 33 34 35 36 37 38 39 40 131071 1000003 
volk_16ic_x2_dot_prod_16ic,a_sse2,canary,partial,2 3 4 5 6 7 8 9 10 11 12 13 14 15 16 17 18 19 20 21 22 23 24 25 26 27 28 29 30 31 32 33 34 35 36 37 38 39 40 131071 1000003 
volk_16ic_x2_dot_prod_16ic,generic,canary,partial,2 3 4 5 6 7 8 9 10 11 12 13 14 15 16 17 18 19 20 21 22 23 24 25 26 27 28 29 30 31 32 33 34 35 36 37 38 39 40 131071 1000003 
volk_16ic_x2_dot_prod_16ic,u_avx2,canary,partial,2 3 4 5 6 7 8 9 10 11 12 13 14 15 16 17 18 19 20 21 22 23 24 25 26 27 28 29 30 31 32 33 34 35 36 37 38 39 40 131071 1000003 
volk_16ic_x2_dot_prod_16ic,u_sse2,canary,partial,2 3 4 5 6 7 8 9 10 11 12 13 14 15 16 17 18 19 20 21 22 23 24 25 26 27 28 29 30 31 32 33 34 35 36 37 38 39 40 131071 1000003 
volk_16ic_x2_dot_prod_16ic,a_avx2,immutable,ok,
volk_16ic_x2_dot_prod_16ic,a_sse2,immutable,ok,
volk_16ic_x2_dot_prod_16ic,generic,immutable,ok,
volk_16ic_x2_dot_prod_16ic,u_avx2,immutable,ok,
volk_16ic_x2_dot_prod_16ic,u_sse2,immutable,ok,
volk_16ic_x2_dot_prod_16ic,a_avx2,impl,ok,
volk_16ic_x2_dot_prod_16ic,a_sse2,impl,ok,
volk_16ic_x2_dot_prod_16ic,generic,impl,ok,
volk_16ic_x2_dot_prod_16ic,u_avx2,impl,ok,
volk_16ic_x2_dot_prod_16ic,u_sse2,impl,ok,
volk_16ic_x2_dot_prod_16ic,generic,misaligned,ok,
volk_16ic_x2_dot_prod_16ic,u_avx2,misaligned,ok,
volk_16ic_x2_dot_prod_16ic,u_sse2,misaligned,ok,
volk_16ic_x2_multiply_16ic,a_avx2,canary,ok,
volk_16ic_x2_multiply_16ic,a_sse2,canary,ok,
volk_16ic_x2_multiply_16ic,generic,canary,ok,
volk_16ic_x2_multiply_16ic,u_avx2,canary,ok,
volk_16ic_x2_multiply_16ic,u_sse2,canary,ok,
volk_16ic_x2_multiply_16ic,a_avx2,immutable,ok,
volk_16ic_x2_multiply_16ic,a_sse2,immutable,ok,
volk_16ic_x2_multiply_16ic,generic,immutable,ok,
volk_16ic_x2_multiply_16ic,u_avx2,immutable,ok,
volk_16ic_x2_multiply_16ic,u_sse2,immutable,ok,
volk_16ic_x2_multiply_16ic,a_avx2,impl,ok,
volk_16ic_x2_multiply_16ic,a_sse2,impl,ok,
volk_16ic_x2_multiply_16ic,generic,impl,ok,
volk_16ic_x2_multiply_16ic,u_avx2,impl,ok,
volk_16ic_x2_multiply_16ic,u_sse2,impl,ok,
volk_16ic_x2_multiply_16ic,generic,misaligned,ok,
volk_16ic_x2_multiply_16ic,u_avx2,misaligned,ok,
volk_16ic_x2_multiply_16ic,u_sse2,misaligned,ok,
volk_16u_byteswap,-,canary,skip,no-qa-entry
volk_16u_byteswap,-,immutable,skip,no-qa-entry
volk_16u_byteswap,-,misaligned,skip,no-qa-entry
volk_16u_byteswap,-,sweep,skip,no-qa-entry
volk_16u_byteswappuppet_16u,-,canary,skip,
volk_16u_byteswappuppet_16u,-,immutable,skip,
volk_16u_byteswappuppet_16u,a_avx2,impl,ok,
volk_16u_byteswappuppet_16u,a_sse2,impl,ok,
volk_16u_byteswappuppet_16u,generic,impl,ok,
volk_16u_byteswappuppet_16u,u_avx2,impl,ok,
volk_16u_byteswappuppet_16u,u_orc,impl,ok,
volk_16u_byteswappuppet_16u,u_sse2,impl,ok,
volk_16u_byteswappuppet_16u,-,misaligned,skip,
volk_16u_x2_add_saturated_16u,a_avx2,canary,ok,
volk_16u_x2_add_saturated_16u,a_sse2,canary,ok,
volk_16u_x2_add_saturated_16u,generic,canary,ok,
volk_16u_x2_add_saturated_16u,u_avx2,canary,ok,
volk_16u_x2_add_saturated_16u,u_sse2,canary,ok,
volk_16u_x2_add_saturated_16u,a_avx2,immutable,ok,
volk_16u_x2_add_saturated_16u,a_sse2,immutable,ok,
volk_16u_x2_add_saturated_16u,generic,immutable,ok,
volk_16u_x2_add_saturated_16u,u_avx2,immutable,ok,
volk_16u_x2_add_saturated_16u,u_sse2,immutable,ok,
volk_16u_x2_add_saturated_16u,a_avx2,impl,ok,
volk_16u_x2_add_saturated_16u,a_sse2,impl,ok,
volk_16u_x2_add_saturated_16u,generic,impl,ok,
volk_16u_x2_add_saturated_16u,u_avx2,impl,ok,
volk_16u_x2_add_saturated_16u,u_sse2,impl,ok,
volk_16u_x2_add_saturated_16u,generic,misaligned,ok,
volk_16u_x2_add_saturated_16u,u_avx2,misaligned,ok,
volk_16u_x2_add_saturated_16u,u_sse2,misaligned,ok,
volk_32f_64f_add_64f,a_avx,canary,ok,
volk_32f_64f_add_64f,generic,canary,ok,
volk_32f_64f_add_64f,u_avx,canary,ok,
volk_32f_64f_add_64f,a_avx,immutable,ok,
volk_32f_64f_add_64f,generic,immutable,ok,
volk_32f_64f_add_64f,u_avx,immutable,ok,
volk_32f_64f_add_64f,a_avx,impl,ok,
volk_32f_64f_add_64f,generic,impl,ok,
volk_32f_64f_add_64f,u_avx,impl,ok,
volk_32f_64f_add_64f,generic,misaligned,ok,
volk_32f_64f_add_64f,u_avx,misaligned,ok,
volk_32f_64f_multiply_64f,a_avx,canary,ok,
volk_32f_64f_multiply_64f,generic,canary,ok,
volk_32f_64f_multiply_64f,u_avx,canary,ok,
volk_32f_64f_multiply_64f,a_avx,immutable,ok,
volk_32f_64f_multiply_64f,generic,immutable,ok,
volk_32f_64f_multiply_64f,u_avx,immutable,ok,
volk_32f_64f_multiply_64f,a_avx,impl,ok,
volk_32f_64f_multiply_64f,generic,impl,ok,
volk_32f_64f_multiply_64f,u_avx,impl,ok,
volk_32f_64f_multiply_64f,generic,misaligned,ok,
volk_32f_64f_multiply_64f,u_avx,misaligned,ok,
volk_32f_8u_polarbutterfly_32f,-,canary,skip,no-qa-entry
volk_32f_8u_polarbutterfly_32f,-,immutable,skip,no-qa-entry
volk_32f_8u_polarbutterfly_32f,-,misaligned,skip,no-qa-entry
volk_32f_8u_polarbutterfly_32f,-,sweep,skip,no-qa-entry
volk_32f_8u_polarbutterflypuppet_32f,-,canary,skip,
volk_32f_8u_polarbutterflypuppet_32f,-,immutable,skip,
volk_32f_8u_polarbutterflypuppet_32f,generic,impl,ok,
volk_32f_8u_polarbutterflypuppet_32f,u_avx,impl,FAIL,2 3 4 
volk_32f_8u_polarbutterflypuppet_32f,u_avx2,impl,FAIL,2 3 4 
volk_32f_8u_polarbutterflypuppet_32f,-,misaligned,skip,
volk_32f_accumulator_s32f,a_avx,canary,partial,2 3 4 5 6 7 8 9 10 11 12 13 14 15 16 17 18 19 20 21 22 23 24 25 26 27 28 29 30 31 32 33 34 35 36 37 38 39 40 131071 1000003 
volk_32f_accumulator_s32f,a_avx512f,canary,partial,2 3 4 5 6 7 8 9 10 11 12 13 14 15 16 17 18 19 20 21 22 23 24 25 26 27 28 29 30 31 32 33 34 35 36 37 38 39 40 131071 1000003 
volk_32f_accumulator_s32f,a_sse,canary,partial,2 3 4 5 6 7 8 9 10 11 12 13 14 15 16 17 18 19 20 21 22 23 24 25 26 27 28 29 30 31 32 33 34 35 36 37 38 39 40 131071 1000003 
volk_32f_accumulator_s32f,generic,canary,partial,2 3 4 5 6 7 8 9 10 11 12 13 14 15 16 17 18 19 20 21 22 23 24 25 26 27 28 29 30 31 32 33 34 35 36 37 38 39 40 131071 1000003 
volk_32f_accumulator_s32f,u_avx,canary,partial,2 3 4 5 6 7 8 9 10 11 12 13 14 15 16 17 18 19 20 21 22 23 24 25 26 27 28 29 30 31 32 33 34 35 36 37 38 39 40 131071 1000003 
volk_32f_accumulator_s32f,u_avx512f,canary,partial,2 3 4 5 6 7 8 9 10 11 12 13 14 15 16 17 18 19 20 21 22 23 24 25 26 27 28 29 30 31 32 33 34 35 36 37 38 39 40 131071 1000003 
volk_32f_accumulator_s32f,u_sse,canary,partial,2 3 4 5 6 7 8 9 10 11 12 13 14 15 16 17 18 19 20 21 22 23 24 25 26 27 28 29 30 31 32 33 34 35 36 37 38 39 40 131071 1000003 
volk_32f_accumulator_s32f,a_avx,immutable,ok,
volk_32f_accumulator_s32f,a_avx512f,immutable,ok,
volk_32f_accumulator_s32f,a_sse,immutable,ok,
volk_32f_accumulator_s32f,generic,immutable,ok,
volk_32f_accumulator_s32f,u_avx,immutable,ok,
volk_32f_accumulator_s32f,u_avx512f,immutable,ok,
volk_32f_accumulator_s32f,u_sse,immutable,ok,
volk_32f_accumulator_s32f,a_avx,impl,FAIL,21 39 1000003 
volk_32f_accumulator_s32f,a_avx512f,impl,FAIL,21 39 131071 1000003 
volk_32f_accumulator_s32f,a_sse,impl,FAIL,36 1000003 
volk_32f_accumulator_s32f,generic,impl,ok,
volk_32f_accumulator_s32f,u_avx,impl,FAIL,21 39 1000003 
volk_32f_accumulator_s32f,u_avx512f,impl,FAIL,21 39 131071 1000003 
volk_32f_accumulator_s32f,u_sse,impl,FAIL,36 1000003 
volk_32f_accumulator_s32f,generic,misaligned,ok,
volk_32f_accumulator_s32f,u_avx,misaligned,ok,
volk_32f_accumulator_s32f,u_avx512f,misaligned,ok,
volk_32f_accumulator_s32f,u_sse,misaligned,ok,
volk_32f_acos_32f,a_avx,canary,ok,
volk_32f_acos_32f,a_avx2_fma,canary,ok,
volk_32f_acos_32f,a_avx512,canary,ok,
volk_32f_acos_32f,a_sse4_1,canary,ok,
volk_32f_acos_32f,generic,canary,ok,
volk_32f_acos_32f,u_avx,canary,ok,
volk_32f_acos_32f,u_avx2_fma,canary,ok,
volk_32f_acos_32f,u_avx512,canary,ok,
volk_32f_acos_32f,u_sse4_1,canary,ok,
volk_32f_acos_32f,a_avx,immutable,ok,
volk_32f_acos_32f,a_avx2_fma,immutable,ok,
volk_32f_acos_32f,a_avx512,immutable,ok,
volk_32f_acos_32f,a_sse4_1,immutable,ok,
volk_32f_acos_32f,generic,immutable,ok,
volk_32f_acos_32f,u_avx,immutable,ok,
volk_32f_acos_32f,u_avx2_fma,immutable,ok,
volk_32f_acos_32f,u_avx512,immutable,ok,
volk_32f_acos_32f,u_sse4_1,immutable,ok,
volk_32f_acos_32f,a_avx,impl,ok,
volk_32f_acos_32f,a_avx2_fma,impl,ok,
volk_32f_acos_32f,a_avx512,impl,ok,
volk_32f_acos_32f,a_sse4_1,impl,ok,
volk_32f_acos_32f,generic,impl,ok,
volk_32f_acos_32f,u_avx,impl,ok,
volk_32f_acos_32f,u_avx2_fma,impl,ok,
volk_32f_acos_32f,u_avx512,impl,ok,
volk_32f_acos_32f,u_sse4_1,impl,ok,
volk_32f_acos_32f,generic,misaligned,ok,
volk_32f_acos_32f,u_avx,misaligned,ok,
volk_32f_acos_32f,u_avx2_fma,misaligned,ok,
volk_32f_acos_32f,u_avx512,misaligned,ok,
volk_32f_acos_32f,u_sse4_1,misaligned,ok,
volk_32f_asin_32f,a_avx,canary,ok,
volk_32f_asin_32f,a_avx2_fma,canary,ok,
volk_32f_asin_32f,a_avx512,canary,ok,
volk_32f_asin_32f,a_sse4_1,canary,ok,
volk_32f_asin_32f,generic,canary,ok,
volk_32f_asin_32f,u_avx,canary,ok,
volk_32f_asin_32f,u_avx2_fma,canary,ok,
volk_32f_asin_32f,u_avx512,canary,ok,
volk_32f_asin_32f,u_sse4_1,canary,ok,
volk_32f_asin_32f,a_avx,immutable,ok,
volk_32f_asin_32f,a_avx2_fma,immutable,ok,
volk_32f_asin_32f,a_avx512,immutable,ok,
volk_32f_asin_32f,a_sse4_1,immutable,ok,
volk_32f_asin_32f,generic,immutable,ok,
volk_32f_asin_32f,u_avx,immutable,ok,
volk_32f_asin_32f,u_avx2_fma,immutable,ok,
volk_32f_asin_32f,u_avx512,immutable,ok,
volk_32f_asin_32f,u_sse4_1,immutable,ok,
volk_32f_asin_32f,a_avx,impl,ok,
volk_32f_asin_32f,a_avx2_fma,impl,ok,
volk_32f_asin_32f,a_avx512,impl,ok,
volk_32f_asin_32f,a_sse4_1,impl,ok,
volk_32f_asin_32f,generic,impl,ok,
volk_32f_asin_32f,u_avx,impl,ok,
volk_32f_asin_32f,u_avx2_fma,impl,ok,
volk_32f_asin_32f,u_avx512,impl,ok,
volk_32f_asin_32f,u_sse4_1,impl,ok,
volk_32f_asin_32f,generic,misaligned,ok,
volk_32f_asin_32f,u_avx,misaligned,ok,
volk_32f_asin_32f,u_avx2_fma,misaligned,ok,
volk_32f_asin_32f,u_avx512,misaligned,ok,
volk_32f_asin_32f,u_sse4_1,misaligned,ok,
volk_32f_atan_32f,a_avx2,canary,ok,
volk_32f_atan_32f,a_avx2_fma,canary,ok,
volk_32f_atan_32f,a_avx512dq,canary,ok,
volk_32f_atan_32f,a_sse4_1,canary,ok,
volk_32f_atan_32f,generic,canary,ok,
volk_32f_atan_32f,polynomial,canary,ok,
volk_32f_atan_32f,u_avx2,canary,ok,
volk_32f_atan_32f,u_avx2_fma,canary,ok,
volk_32f_atan_32f,u_avx512dq,canary,ok,
volk_32f_atan_32f,u_sse4_1,canary,ok,
volk_32f_atan_32f,a_avx2,immutable,ok,
volk_32f_atan_32f,a_avx2_fma,immutable,ok,
volk_32f_atan_32f,a_avx512dq,immutable,ok,
volk_32f_atan_32f,a_sse4_1,immutable,ok,
volk_32f_atan_32f,generic,immutable,ok,
volk_32f_atan_32f,polynomial,immutable,ok,
volk_32f_atan_32f,u_avx2,immutable,ok,
volk_32f_atan_32f,u_avx2_fma,immutable,ok,
volk_32f_atan_32f,u_avx512dq,immutable,ok,
volk_32f_atan_32f,u_sse4_1,immutable,ok,
volk_32f_atan_32f,a_avx2,impl,FAIL,8 9 10 11 12 13 14 15 16 17 18 19 20 21 22 23 24 25 26 27 28 29 30 31 32 33 34 35 36 37 38 39 40 131071 1000003 
volk_32f_atan_32f,a_avx2_fma,impl,FAIL,8 9 10 11 12 13 14 15 16 17 18 19 20 21 22 23 24 25 26 27 28 29 30 31 32 33 34 35 36 37 38 39 40 131071 1000003 
volk_32f_atan_32f,a_avx512dq,impl,FAIL,16 17 18 19 20 21 22 23 24 25 26 27 28 29 30 31 32 33 34 35 36 37 38 39 40 131071 1000003 
volk_32f_atan_32f,a_sse4_1,impl,FAIL,8 9 10 11 12 13 14 15 16 17 18 19 20 21 22 23 24 25 26 27 28 29 30 31 32 33 34 35 36 37 38 39 40 131071 1000003 
volk_32f_atan_32f,generic,impl,ok,
volk_32f_atan_32f,polynomial,impl,ok,
volk_32f_atan_32f,u_avx2,impl,FAIL,8 9 10 11 12 13 14 15 16 17 18 19 20 21 22 23 24 25 26 27 28 29 30 31 32 33 34 35 36 37 38 39 40 131071 1000003 
volk_32f_atan_32f,u_avx2_fma,impl,FAIL,8 9 10 11 12 13 14 15 16 17 18 19 20 21 22 23 24 25 26 27 28 29 30 31 32 33 34 35 36 37 38 39 40 131071 1000003 
volk_32f_atan_32f,u_avx512dq,impl,FAIL,16 17 18 19 20 21 22 23 24 25 26 27 28 29 30 31 32 33 34 35 36 37 38 39 40 131071 1000003 
volk_32f_atan_32f,u_sse4_1,impl,FAIL,8 9 10 11 12 13 14 15 16 17 18 19 20 21 22 23 24 25 26 27 28 29 30 31 32 33 34 35 36 37 38 39 40 131071 1000003 
volk_32f_atan_32f,generic,misaligned,ok,
volk_32f_atan_32f,polynomial,misaligned,ok,
volk_32f_atan_32f,u_avx2,misaligned,ok,
volk_32f_atan_32f,u_avx2_fma,misaligned,ok,
volk_32f_atan_32f,u_avx512dq,misaligned,ok,
volk_32f_atan_32f,u_sse4_1,misaligned,ok,
volk_32f_binary_slicer_32i,a_avx,canary,ok,
volk_32f_binary_slicer_32i,a_sse2,canary,ok,
volk_32f_binary_slicer_32i,generic,canary,ok,
volk_32f_binary_slicer_32i,generic_branchless,canary,ok,
volk_32f_binary_slicer_32i,u_avx,canary,ok,
volk_32f_binary_slicer_32i,u_sse2,canary,ok,
volk_32f_binary_slicer_32i,a_avx,immutable,ok,
volk_32f_binary_slicer_32i,a_sse2,immutable,ok,
volk_32f_binary_slicer_32i,generic,immutable,ok,
volk_32f_binary_slicer_32i,generic_branchless,immutable,ok,
volk_32f_binary_slicer_32i,u_avx,immutable,ok,
volk_32f_binary_slicer_32i,u_sse2,immutable,ok,
volk_32f_binary_slicer_32i,a_avx,impl,ok,
volk_32f_binary_slicer_32i,a_sse2,impl,ok,
volk_32f_binary_slicer_32i,generic,impl,ok,
volk_32f_binary_slicer_32i,generic_branchless,impl,ok,
volk_32f_binary_slicer_32i,u_avx,impl,ok,
volk_32f_binary_slicer_32i,u_sse2,impl,ok,
volk_32f_binary_slicer_32i,generic,misaligned,ok,
volk_32f_binary_slicer_32i,generic_branchless,misaligned,ok,
volk_32f_binary_slicer_32i,u_avx,misaligned,ok,
volk_32f_binary_slicer_32i,u_sse2,misaligned,ok,
volk_32f_binary_slicer_8i,a_avx2,canary,ok,
volk_32f_binary_slicer_8i,a_sse2,canary,ok,
volk_32f_binary_slicer_8i,generic,canary,ok,
volk_32f_binary_slicer_8i,generic_branchless,canary,ok,
volk_32f_binary_slicer_8i,u_avx2,canary,ok,
volk_32f_binary_slicer_8i,u_sse2,canary,ok,
volk_32f_binary_slicer_8i,a_avx2,immutable,ok,
volk_32f_binary_slicer_8i,a_sse2,immutable,ok,
volk_32f_binary_slicer_8i,generic,immutable,ok,
volk_32f_binary_slicer_8i,generic_branchless,immutable,ok,
volk_32f_binary_slicer_8i,u_avx2,immutable,ok,
volk_32f_binary_slicer_8i,u_sse2,immutable,ok,
volk_32f_binary_slicer_8i,a_avx2,impl,ok,
volk_32f_binary_slicer_8i,a_sse2,impl,ok,
volk_32f_binary_slicer_8i,generic,impl,ok,
volk_32f_binary_slicer_8i,generic_branchless,impl,ok,
volk_32f_binary_slicer_8i,u_avx2,impl,ok,
volk_32f_binary_slicer_8i,u_sse2,impl,ok,
volk_32f_binary_slicer_8i,generic,misaligned,ok,
volk_32f_binary_slicer_8i,generic_branchless,misaligned,ok,
volk_32f_binary_slicer_8i,u_avx2,misaligned,ok,
volk_32f_binary_slicer_8i,u_sse2,misaligned,ok,
volk_32f_convert_64f,a_avx,canary,ok,
volk_32f_convert_64f,a_sse2,canary,ok,
volk_32f_convert_64f,generic,canary,ok,
volk_32f_convert_64f,u_avx,canary,ok,
volk_32f_convert_64f,u_sse2,canary,ok,
volk_32f_convert_64f,a_avx,immutable,ok,
volk_32f_convert_64f,a_sse2,immutable,ok,
volk_32f_convert_64f,generic,immutable,ok,
volk_32f_convert_64f,u_avx,immutable,ok,
volk_32f_convert_64f,u_sse2,immutable,ok,
volk_32f_convert_64f,a_avx,impl,ok,
volk_32f_convert_64f,a_sse2,impl,ok,
volk_32f_convert_64f,generic,impl,ok,
volk_32f_convert_64f,u_avx,impl,ok,
volk_32f_convert_64f,u_sse2,impl,ok,
volk_32f_convert_64f,generic,misaligned,ok,
volk_32f_convert_64f,u_avx,misaligned,ok,
volk_32f_convert_64f,u_sse2,misaligned,ok,
volk_32f_cos_32f,a_avx2,canary,ok,
volk_32f_cos_32f,a_avx2_fma,canary,ok,
volk_32f_cos_32f,a_avx512f,canary,ok,
volk_32f_cos_32f,a_sse4_1,canary,ok,
volk_32f_cos_32f,generic,canary,ok,
volk_32f_cos_32f,polynomial,canary,ok,
volk_32f_cos_32f,u_avx2,canary,ok,
volk_32f_cos_32f,u_avx2_fma,canary,ok,
volk_32f_cos_32f,u_avx512f,canary,ok,
volk_32f_cos_32f,u_sse4_1,canary,ok,
volk_32f_cos_32f,a_avx2,immutable,ok,
volk_32f_cos_32f,a_avx2_fma,immutable,ok,
volk_32f_cos_32f,a_avx512f,immutable,ok,
volk_32f_cos_32f,a_sse4_1,immutable,ok,
volk_32f_cos_32f,generic,immutable,ok,
volk_32f_cos_32f,polynomial,immutable,ok,
volk_32f_cos_32f,u_avx2,immutable,ok,
volk_32f_cos_32f,u_avx2_fma,immutable,ok,
volk_32f_cos_32f,u_avx512f,immutable,ok,
volk_32f_cos_32f,u_sse4_1,immutable,ok,
volk_32f_cos_32f,a_avx2,impl,ok,
volk_32f_cos_32f,a_avx2_fma,impl,ok,
volk_32f_cos_32f,a_avx512f,impl,ok,
volk_32f_cos_32f,a_sse4_1,impl,ok,
volk_32f_cos_32f,generic,impl,ok,
volk_32f_cos_32f,polynomial,impl,ok,
volk_32f_cos_32f,u_avx2,impl,ok,
volk_32f_cos_32f,u_avx2_fma,impl,ok,
volk_32f_cos_32f,u_avx512f,impl,ok,
volk_32f_cos_32f,u_sse4_1,impl,ok,
volk_32f_cos_32f,generic,misaligned,ok,
volk_32f_cos_32f,polynomial,misaligned,ok,
volk_32f_cos_32f,u_avx2,misaligned,ok,
volk_32f_cos_32f,u_avx2_fma,misaligned,ok,
volk_32f_cos_32f,u_avx512f,misaligned,ok,
volk_32f_cos_32f,u_sse4_1,misaligned,ok,
volk_32f_exp_32f,a_sse2,canary,ok,
volk_32f_exp_32f,generic,canary,ok,
volk_32f_exp_32f,u_sse2,canary,ok,
volk_32f_exp_32f,a_sse2,immutable,ok,
volk_32f_exp_32f,generic,immutable,ok,
volk_32f_exp_32f,u_sse2,immutable,ok,
volk_32f_exp_32f,a_sse2,impl,ok,
volk_32f_exp_32f,generic,impl,ok,
volk_32f_exp_32f,u_sse2,impl,ok,
volk_32f_exp_32f,generic,misaligned,ok,
volk_32f_exp_32f,u_sse2,misaligned,ok,
volk_32f_expfast_32f,a_avx,canary,ok,
volk_32f_expfast_32f,a_avx_fma,canary,ok,
volk_32f_expfast_32f,a_sse4_1,canary,ok,
volk_32f_expfast_32f,generic,canary,ok,
volk_32f_expfast_32f,u_avx,canary,ok,
volk_32f_expfast_32f,u_avx_fma,canary,ok,
volk_32f_expfast_32f,u_sse4_1,canary,ok,
volk_32f_expfast_32f,a_avx,immutable,ok,
volk_32f_expfast_32f,a_avx_fma,immutable,ok,
volk_32f_expfast_32f,a_sse4_1,immutable,ok,
volk_32f_expfast_32f,generic,immutable,ok,
volk_32f_expfast_32f,u_avx,immutable,ok,
volk_32f_expfast_32f,u_avx_fma,immutable,ok,
volk_32f_expfast_32f,u_sse4_1,immutable,ok,
volk_32f_expfast_32f,a_avx,impl,FAIL,8 9 10 11 12 13 14 15 16 17 18 19 20 21 22 23 24 25 26 27 28 29 30 31 32 33 34 35 36 37 38 39 40 131071 1000003 
volk_32f_expfast_32f,a_avx_fma,impl,FAIL,8 9 10 11 12 13 14 15 16 17 18 19 20 21 22 23 24 25 26 27 28 29 30 31 32 33 34 35 36 37 38 39 40 131071 1000003 
volk_32f_expfast_32f,a_sse4_1,impl,FAIL,4 5 6 7 8 9 10 11 12 13 14 15 16 17 18 19 20 21 22 23 24 25 26 27 28 29 30 31 32 33 34 35 36 37 38 39 40 131071 1000003 
volk_32f_expfast_32f,generic,impl,ok,
volk_32f_expfast_32f,u_avx,impl,FAIL,8 9 10 11 12 13 14 15 16 17 18 19 20 21 22 23 24 25 26 27 28 29 30 31 32 33 34 35 36 37 38 39 40 131071 1000003 
volk_32f_expfast_32f,u_avx_fma,impl,FAIL,8 9 10 11 12 13 14 15 16 17 18 19 20 21 22 23 24 25 26 27 28 29 30 31 32 33 34 35 36 37 38 39 40 131071 1000003 
volk_32f_expfast_32f,u_sse4_1,impl,FAIL,4 5 6 7 8 9 10 11 12 13 14 15 16 17 18 19 20 21 22 23 24 25 26 27 28 29 30 31 32 33 34 35 36 37 38 39 40 131071 1000003 
volk_32f_expfast_32f,generic,misaligned,ok,
volk_32f_expfast_32f,u_avx,misaligned,ok,
volk_32f_expfast_32f,u_avx_fma,misaligned,ok,
volk_32f_expfast_32f,u_sse4_1,misaligned,ok,
volk_32f_index_max_16u,a_avx,canary,partial,2 3 4 5 6 7 8 9 10 11 12 13 14 15 16 17 18 19 20 21 22 23 24 25 26 27 28 29 30 31 32 33 34 35 36 37 38 39 40 131071 1000003 
volk_32f_index_max_16u,a_avx512f,canary,partial,2 3 4 5 6 7 8 9 10 11 12 13 14 15 16 17 18 19 20 21 22 23 24 25 26 27 28 29 30 31 32 33 34 35 36 37 38 39 40 131071 1000003 
volk_32f_index_max_16u,a_sse,canary,partial,2 3 4 5 6 7 8 9 10 11 12 13 14 15 16 17 18 19 20 21 22 23 24 25 26 27 28 29 30 31 32 33 34 35 36 37 38 39 40 131071 1000003 
volk_32f_index_max_16u,a_sse4_1,canary,partial,2 3 4 5 6 7 8 9 10 11 12 13 14 15 16 17 18 19 20 21 22 23 24 25 26 27 28 29 30 31 32 33 34 35 36 37 38 39 40 131071 1000003 
volk_32f_index_max_16u,generic,canary,partial,2 3 4 5 6 7 8 9 10 11 12 13 14 15 16 17 18 19 20 21 22 23 24 25 26 27 28 29 30 31 32 33 34 35 36 37 38 39 40 131071 1000003 
volk_32f_index_max_16u,u_avx,canary,partial,2 3 4 5 6 7 8 9 10 11 12 13 14 15 16 17 18 19 20 21 22 23 24 25 26 27 28 29 30 31 32 33 34 35 36 37 38 39 40 131071 1000003 
volk_32f_index_max_16u,u_avx512f,canary,partial,2 3 4 5 6 7 8 9 10 11 12 13 14 15 16 17 18 19 20 21 22 23 24 25 26 27 28 29 30 31 32 33 34 35 36 37 38 39 40 131071 1000003 
volk_32f_index_max_16u,a_avx,immutable,ok,
volk_32f_index_max_16u,a_avx512f,immutable,ok,
volk_32f_index_max_16u,a_sse,immutable,ok,
volk_32f_index_max_16u,a_sse4_1,immutable,ok,
volk_32f_index_max_16u,generic,immutable,ok,
volk_32f_index_max_16u,u_avx,immutable,ok,
volk_32f_index_max_16u,u_avx512f,immutable,ok,
volk_32f_index_max_16u,a_avx,impl,ok,
volk_32f_index_max_16u,a_avx512f,impl,ok,
volk_32f_index_max_16u,a_sse,impl,ok,
volk_32f_index_max_16u,a_sse4_1,impl,ok,
volk_32f_index_max_16u,generic,impl,ok,
volk_32f_index_max_16u,u_avx,impl,ok,
volk_32f_index_max_16u,u_avx512f,impl,ok,
volk_32f_index_max_16u,generic,misaligned,ok,
volk_32f_index_max_16u,u_avx,misaligned,ok,
volk_32f_index_max_16u,u_avx512f,misaligned,ok,
volk_32f_index_max_32u,a_avx,canary,partial,2 3 4 5 6 7 8 9 10 11 12 13 14 15 16 17 18 19 20 21 22 23 24 25 26 27 28 29 30 31 32 33 34 35 36 37 38 39 40 131071 1000003 
volk_32f_index_max_32u,a_avx512f,canary,partial,2 3 4 5 6 7 8 9 10 11 12 13 14 15 16 17 18 19 20 21 22 23 24 25 26 27 28 29 30 31 32 33 34 35 36 37 38 39 40 131071 1000003 
volk_32f_index_max_32u,a_sse,canary,partial,2 3 4 5 6 7 8 9 10 11 12 13 14 15 16 17 18 19 20 21 22 23 24 25 26 27 28 29 30 31 32 33 34 35 36 37 38 39 40 131071 1000003 
volk_32f_index_max_32u,a_sse4_1,canary,partial,2 3 4 5 6 7 8 9 10 11 12 13 14 15 16 17 18 19 20 21 22 23 24 25 26 27 28 29 30 31 32 33 34 35 36 37 38 39 40 131071 1000003 
volk_32f_index_max_32u,generic,canary,partial,2 3 4 5 6 7 8 9 10 11 12 13 14 15 16 17 18 19 20 21 22 23 24 25 26 27 28 29 30 31 32 33 34 35 36 37 38 39 40 131071 1000003 
volk_32f_index_max_32u,u_avx,canary,partial,2 3 4 5 6 7 8 9 10 11 12 13 14 15 16 17 18 19 20 21 22 23 24 25 26 27 28 29 30 31 32 33 34 35 36 37 38 39 40 131071 1000003 
volk_32f_index_max_32u,u_avx512f,canary,partial,2 3 4 5 6 7 8 9 10 11 12 13 14 15 16 17 18 19 20 21 22 23 24 25 26 27 28 29 30 31 32 33 34 35 36 37 38 39 40 131071 1000003 
volk_32f_index_max_32u,u_sse,canary,partial,2 3 4 5 6 7 8 9 10 11 12 13 14 15 16 17 18 19 20 21 22 23 24 25 26 27 28 29 30 31 32 33 34 35 36 37 38 39 40 131071 1000003 
volk_32f_index_max_32u,u_sse4_1,canary,partial,2 3 4 5 6 7 8 9 10 11 12 13 14 15 16 17 18 19 20 21 22 23 24 25 26 27 28 29 30 31 32 33 34 35 36 37 38 39 40 131071 1000003 
volk_32f_index_max_32u,a_avx,immutable,ok,
volk_32f_index_max_32u,a_avx512f,immutable,ok,
volk_32f_index_max_32u,a_sse,immutable,ok,
volk_32f_index_max_32u,a_sse4_1,immutable,ok,
volk_32f_index_max_32u,generic,immutable,ok,
volk_32f_index_max_32u,u_avx,immutable,ok,
volk_32f_index_max_32u,u_avx512f,immutable,ok,
volk_32f_index_max_32u,u_sse,immutable,ok,
volk_32f_index_max_32u,u_sse4_1,immutable,ok,
volk_32f_index_max_32u,a_avx,impl,ok,
volk_32f_index_max_32u,a_avx512f,impl,ok,
volk_32f_index_max_32u,a_sse,impl,ok,
volk_32f_index_max_32u,a_sse4_1,impl,ok,
volk_32f_index_max_32u,generic,impl,ok,
volk_32f_index_max_32u,u_avx,impl,ok,
volk_32f_index_max_32u,u_avx512f,impl,ok,
volk_32f_index_max_32u,u_sse,impl,ok,
volk_32f_index_max_32u,u_sse4_1,impl,ok,
volk_32f_index_max_32u,generic,misaligned,ok,
volk_32f_index_max_32u,u_avx,misaligned,ok,
volk_32f_index_max_32u,u_avx512f,misaligned,ok,
volk_32f_index_max_32u,u_sse,misaligned,ok,
volk_32f_index_max_32u,u_sse4_1,misaligned,ok,
volk_32f_index_min_16u,a_avx,canary,partial,2 3 4 5 6 7 8 9 10 11 12 13 14 15 16 17 18 19 20 21 22 23 24 25 26 27 28 29 30 31 32 33 34 35 36 37 38 39 40 131071 1000003 
volk_32f_index_min_16u,a_avx512f,canary,partial,2 3 4 5 6 7 8 9 10 11 12 13 14 15 16 17 18 19 20 21 22 23 24 25 26 27 28 29 30 31 32 33 34 35 36 37 38 39 40 131071 1000003 
volk_32f_index_min_16u,a_sse,canary,partial,2 3 4 5 6 7 8 9 10 11 12 13 14 15 16 17 18 19 20 21 22 23 24 25 26 27 28 29 30 31 32 33 34 35 36 37 38 39 40 131071 1000003 
volk_32f_index_min_16u,a_sse4_1,canary,partial,2 3 4 5 6 7 8 9 10 11 12 13 14 15 16 17 18 19 20 21 22 23 24 25 26 27 28 29 30 31 32 33 34 35 36 37 38 39 40 131071 1000003 
volk_32f_index_min_16u,generic,canary,partial,2 3 4 5 6 7 8 9 10 11 12 13 14 15 16 17 18 19 20 21 22 23 24 25 26 27 28 29 30 31 32 33 34 35 36 37 38 39 40 131071 1000003 
volk_32f_index_min_16u,u_avx,canary,partial,2 3 4 5 6 7 8 9 10 11 12 13 14 15 16 17 18 19 20 21 22 23 24 25 26 27 28 29 30 31 32 33 34 35 36 37 38 39 40 131071 1000003 
volk_32f_index_min_16u,u_avx512f,canary,partial,2 3 4 5 6 7 8 9 10 11 12 13 14 15 16 17 18 19 20 21 22 23 24 25 26 27 28 29 30 31 32 33 34 35 36 37 38 39 40 131071 1000003 
volk_32f_index_min_16u,a_avx,immutable,ok,
volk_32f_index_min_16u,a_avx512f,immutable,ok,
volk_32f_index_min_16u,a_sse,immutable,ok,
volk_32f_index_min_16u,a_sse4_1,immutable,ok,
volk_32f_index_min_16u,generic,immutable,ok,
volk_32f_index_min_16u,u_avx,immutable,ok,
volk_32f_index_min_16u,u_avx512f,immutable,ok,
volk_32f_index_min_16u,a_avx,impl,ok,
volk_32f_index_min_16u,a_avx512f,impl,ok,
volk_32f_index_min_16u,a_sse,impl,ok,
volk_32f_index_min_16u,a_sse4_1,impl,ok,
volk_32f_index_min_16u,generic,impl,ok,
volk_32f_index_min_16u,u_avx,impl,ok,
volk_32f_index_min_16u,u_avx512f,impl,ok,
volk_32f_index_min_16u,generic,misaligned,ok,
volk_32f_index_min_16u,u_avx,misaligned,ok,
volk_32f_index_min_16u,u_avx512f,misaligned,ok,
volk_32f_index_min_32u,a_avx,canary,partial,2 3 4 5 6 7 8 9 10 11 12 13 14 15 16 17 18 19 20 21 22 23 24 25 26 27 28 29 30 31 32 33 34 35 36 37 38 39 40 131071 1000003 
volk_32f_index_min_32u,a_avx512f,canary,partial,2 3 4 5 6 7 8 9 10 11 12 13 14 15 16 17 18 19 20 21 22 23 24 25 26 27 28 29 30 31 32 33 34 35 36 37 38 39 40 131071 1000003 
volk_32f_index_min_32u,a_sse,canary,partial,2 3 4 5 6 7 8 9 10 11 12 13 14 15 16 17 18 19 20 21 22 23 24 25 26 27 28 29 30 31 32 33 34 35 36 37 38 39 40 131071 1000003 
volk_32f_index_min_32u,a_sse4_1,canary,partial,2 3 4 5 6 7 8 9 10 11 12 13 14 15 16 17 18 19 20 21 22 23 24 25 26 27 28 29 30 31 32 33 34 35 36 37 38 39 40 131071 1000003 
volk_32f_index_min_32u,generic,canary,partial,2 3 4 5 6 7 8 9 10 11 12 13 14 15 16 17 18 19 20 21 22 23 24 25 26 27 28 29 30 31 32 33 34 35 36 37 38 39 40 131071 1000003 
volk_32f_index_min_32u,u_avx,canary,partial,2 3 4 5 6 7 8 9 10 11 12 13 14 15 16 17 18 19 20 21 22 23 24 25 26 27 28 29 30 31 32 33 34 35 36 37 38 39 40 131071 1000003 
volk_32f_index_min_32u,u_avx512f,canary,partial,2 3 4 5 6 7 8 9 10 11 12 13 14 15 16 17 18 19 20 21 22 23 24 25 26 27 28 29 30 31 32 33 34 35 36 37 38 39 40 131071 1000003 
volk_32f_index_min_32u,u_sse,canary,partial,2 3 4 5 6 7 8 9 10 11 12 13 14 15 16 17 18 19 20 21 22 23 24 25 26 27 28 29 30 31 32 33 34 35 36 37 38 39 40 131071 1000003 
volk_32f_index_min_32u,u_sse4_1,canary,partial,2 3 4 5 6 7 8 9 10 11 12 13 14 15 16 17 18 19 20 21 22 23 24 25 26 27 28 29 30 31 32 33 34 35 36 37 38 39 40 131071 1000003 
volk_32f_index_min_32u,a_avx,immutable,ok,
volk_32f_index_min_32u,a_avx512f,immutable,ok,
volk_32f_index_min_32u,a_sse,immutable,ok,
volk_32f_index_min_32u,a_sse4_1,immutable,ok,
volk_32f_index_min_32u,generic,immutable,ok,
volk_32f_index_min_32u,u_avx,immutable,ok,
volk_32f_index_min_32u,u_avx512f,immutable,ok,
volk_32f_index_min_32u,u_sse,immutable,ok,
volk_32f_index_min_32u,u_sse4_1,immutable,ok,
volk_32f_index_min_32u,a_avx,impl,ok,
volk_32f_index_min_32u,a_avx512f,impl,ok,
volk_32f_index_min_32u,a_sse,impl,ok,
volk_32f_index_min_32u,a_sse4_1,impl,ok,
volk_32f_index_min_32u,generic,impl,ok,
volk_32f_index_min_32u,u_avx,impl,ok,
volk_32f_index_min_32u,u_avx512f,impl,ok,
volk_32f_index_min_32u,u_sse,impl,ok,
volk_32f_index_min_32u,u_sse4_1,impl,ok,
volk_32f_index_min_32u,generic,misaligned,ok,
volk_32f_index_min_32u,u_avx,misaligned,ok,
volk_32f_index_min_32u,u_avx512f,misaligned,ok,
volk_32f_index_min_32u,u_sse,misaligned,ok,
volk_32f_index_min_32u,u_sse4_1,misaligned,ok,
volk_32f_invsqrt_32f,Q_rsqrt,canary,ok,
volk_32f_invsqrt_32f,a_avx,canary,ok,
volk_32f_invsqrt_32f,a_avx2,canary,ok,
volk_32f_invsqrt_32f,a_avx512f,canary,ok,
volk_32f_invsqrt_32f,a_sse,canary,ok,
volk_32f_invsqrt_32f,generic,canary,ok,
volk_32f_invsqrt_32f,recip_sqrt,canary,ok,
volk_32f_invsqrt_32f,u_avx,canary,ok,
volk_32f_invsqrt_32f,u_avx2,canary,ok,
volk_32f_invsqrt_32f,u_avx512f,canary,ok,
volk_32f_invsqrt_32f,u_sse,canary,ok,
volk_32f_invsqrt_32f,Q_rsqrt,immutable,ok,
volk_32f_invsqrt_32f,a_avx,immutable,ok,
volk_32f_invsqrt_32f,a_avx2,immutable,ok,
volk_32f_invsqrt_32f,a_avx512f,immutable,ok,
volk_32f_invsqrt_32f,a_sse,immutable,ok,
volk_32f_invsqrt_32f,generic,immutable,ok,
volk_32f_invsqrt_32f,recip_sqrt,immutable,ok,
volk_32f_invsqrt_32f,u_avx,immutable,ok,
volk_32f_invsqrt_32f,u_avx2,immutable,ok,
volk_32f_invsqrt_32f,u_avx512f,immutable,ok,
volk_32f_invsqrt_32f,u_sse,immutable,ok,
volk_32f_invsqrt_32f,Q_rsqrt,impl,ok,
volk_32f_invsqrt_32f,a_avx,impl,FAIL,2 3 4 5 6 7 
volk_32f_invsqrt_32f,a_avx2,impl,FAIL,2 3 4 5 6 7 
volk_32f_invsqrt_32f,a_avx512f,impl,FAIL,2 3 4 5 6 7 8 9 10 11 12 13 14 15 
volk_32f_invsqrt_32f,a_sse,impl,FAIL,2 3 
volk_32f_invsqrt_32f,generic,impl,ok,
volk_32f_invsqrt_32f,recip_sqrt,impl,FAIL,2 3 4 5 6 7 8 9 10 11 12 13 14 15 16 17 18 19 20 21 22 23 24 25 26 27 28 29 30 31 32 33 34 35 36 37 38 39 40 131071 1000003 
volk_32f_invsqrt_32f,u_avx,impl,FAIL,2 3 4 5 6 7 
volk_32f_invsqrt_32f,u_avx2,impl,FAIL,2 3 4 5 6 7 
volk_32f_invsqrt_32f,u_avx512f,impl,FAIL,2 3 4 5 6 7 8 9 10 11 12 13 14 15 
volk_32f_invsqrt_32f,u_sse,impl,FAIL,2 3 
volk_32f_invsqrt_32f,Q_rsqrt,misaligned,ok,
volk_32f_invsqrt_32f,generic,misaligned,ok,
volk_32f_invsqrt_32f,recip_sqrt,misaligned,ok,
volk_32f_invsqrt_32f,u_avx,misaligned,ok,
volk_32f_invsqrt_32f,u_avx2,misaligned,ok,
volk_32f_invsqrt_32f,u_avx512f,misaligned,ok,
volk_32f_invsqrt_32f,u_sse,misaligned,ok,
volk_32f_log2_32f,a_avx2,canary,ok,
volk_32f_log2_32f,a_avx2_fma,canary,ok,
volk_32f_log2_32f,a_avx512,canary,ok,
volk_32f_log2_32f,a_avx512dq,canary,ok,
volk_32f_log2_32f,a_sse4_1,canary,ok,
volk_32f_log2_32f,generic,canary,ok,
volk_32f_log2_32f,u_avx2,canary,ok,
volk_32f_log2_32f,u_avx2_fma,canary,ok,
volk_32f_log2_32f,u_avx512,canary,ok,
volk_32f_log2_32f,u_avx512dq,canary,ok,
volk_32f_log2_32f,u_sse4_1,canary,ok,
volk_32f_log2_32f,a_avx2,immutable,ok,
volk_32f_log2_32f,a_avx2_fma,immutable,ok,
volk_32f_log2_32f,a_avx512,immutable,ok,
volk_32f_log2_32f,a_avx512dq,immutable,ok,
volk_32f_log2_32f,a_sse4_1,immutable,ok,
volk_32f_log2_32f,generic,immutable,ok,
volk_32f_log2_32f,u_avx2,immutable,ok,
volk_32f_log2_32f,u_avx2_fma,immutable,ok,
volk_32f_log2_32f,u_avx512,immutable,ok,
volk_32f_log2_32f,u_avx512dq,immutable,ok,
volk_32f_log2_32f,u_sse4_1,immutable,ok,
volk_32f_log2_32f,generic,misaligned,ok,
volk_32f_log2_32f,u_avx2,misaligned,ok,
volk_32f_log2_32f,u_avx2_fma,misaligned,ok,
volk_32f_log2_32f,u_avx512,misaligned,ok,
volk_32f_log2_32f,u_avx512dq,misaligned,ok,
volk_32f_log2_32f,u_sse4_1,misaligned,ok,
volk_32f_log2_32f,a_avx2,ref,ok,
volk_32f_log2_32f,a_avx2_fma,ref,ok,
volk_32f_log2_32f,a_avx512,ref,ok,
volk_32f_log2_32f,a_avx512dq,ref,ok,
volk_32f_log2_32f,a_sse4_1,ref,ok,
volk_32f_log2_32f,generic,ref,ok,
volk_32f_log2_32f,u_avx2,ref,ok,
volk_32f_log2_32f,u_avx2_fma,ref,ok,
volk_32f_log2_32f,u_avx512,ref,ok,
volk_32f_log2_32f,u_avx512dq,ref,ok,
volk_32f_log2_32f,u_sse4_1,ref,ok,
volk_32f_null_32f,-,canary,skip,no-qa-entry
volk_32f_null_32f,-,immutable,skip,no-qa-entry
volk_32f_null_32f,-,misaligned,skip,no-qa-entry
volk_32f_null_32f,-,sweep,skip,no-qa-entry
volk_32f_reciprocal_32f,a_avx,canary,ok,
volk_32f_reciprocal_32f,a_avx512,canary,ok,
volk_32f_reciprocal_32f,a_sse,canary,ok,
volk_32f_reciprocal_32f,generic,canary,ok,
volk_32f_reciprocal_32f,u_avx,canary,ok,
volk_32f_reciprocal_32f,u_avx512,canary,ok,
volk_32f_reciprocal_32f,u_sse,canary,ok,
volk_32f_reciprocal_32f,a_avx,immutable,ok,
volk_32f_reciprocal_32f,a_avx512,immutable,ok,
volk_32f_reciprocal_32f,a_sse,immutable,ok,
volk_32f_reciprocal_32f,generic,immutable,ok,
volk_32f_reciprocal_32f,u_avx,immutable,ok,
volk_32f_reciprocal_32f,u_avx512,immutable,ok,
volk_32f_reciprocal_32f,u_sse,immutable,ok,
volk_32f_reciprocal_32f,a_avx,impl,ok,
volk_32f_reciprocal_32f,a_avx512,impl,FAIL,16 17 18 19 20 21 22 23 24 25 26 27 28 29 30 31 32 33 34 35 36 37 38 39 40 131071 1000003 
volk_32f_reciprocal_32f,a_sse,impl,ok,
volk_32f_reciprocal_32f,generic,impl,ok,
volk_32f_reciprocal_32f,u_avx,impl,ok,
volk_32f_reciprocal_32f,u_avx512,impl,FAIL,16 17 18 19 20 21 22 23 24 25 26 27 28 29 30 31 32 33 34 35 36 37 38 39 40 131071 1000003 
volk_32f_reciprocal_32f,u_sse,impl,ok,
volk_32f_reciprocal_32f,generic,misaligned,ok,
volk_32f_reciprocal_32f,u_avx,misaligned,ok,
volk_32f_reciprocal_32f,u_avx512,misaligned,ok,
volk_32f_reciprocal_32f,u_sse,misaligned,ok,
volk_32f_s32f_32f_fm_detect_32f,-,canary,skip,no-qa-entry
volk_32f_s32f_32f_fm_detect_32f,-,immutable,skip,no-qa-entry
volk_32f_s32f_32f_fm_detect_32f,-,misaligned,skip,no-qa-entry
volk_32f_s32f_32f_fm_detect_32f,-,sweep,skip,no-qa-entry
volk_32f_s32f_add_32f,a_avx,canary,ok,
volk_32f_s32f_add_32f,a_sse,canary,ok,
volk_32f_s32f_add_32f,generic,canary,ok,
volk_32f_s32f_add_32f,u_avx,canary,ok,
volk_32f_s32f_add_32f,u_orc,canary,ok,
volk_32f_s32f_add_32f,u_sse,canary,ok,
volk_32f_s32f_add_32f,a_avx,immutable,ok,
volk_32f_s32f_add_32f,a_sse,immutable,ok,
volk_32f_s32f_add_32f,generic,immutable,ok,
volk_32f_s32f_add_32f,u_avx,immutable,ok,
volk_32f_s32f_add_32f,u_orc,immutable,ok,
volk_32f_s32f_add_32f,u_sse,immutable,ok,
volk_32f_s32f_add_32f,a_avx,impl,ok,
volk_32f_s32f_add_32f,a_sse,impl,ok,
volk_32f_s32f_add_32f,generic,impl,ok,
volk_32f_s32f_add_32f,u_avx,impl,ok,
volk_32f_s32f_add_32f,u_orc,impl,ok,
volk_32f_s32f_add_32f,u_sse,impl,ok,
volk_32f_s32f_add_32f,generic,misaligned,ok,
volk_32f_s32f_add_32f,u_avx,misaligned,ok,
volk_32f_s32f_add_32f,u_orc,misaligned,ok,
volk_32f_s32f_add_32f,u_sse,misaligned,ok,
volk_32f_s32f_calc_spectral_noise_floor_32f,a_avx,canary,partial,2 3 4 5 6 7 8 9 10 11 12 13 14 15 16 17 18 19 20 21 22 23 24 25 26 27 28 29 30 31 32 33 34 35 36 37 38 39 40 131071 1000003 
volk_32f_s32f_calc_spectral_noise_floor_32f,a_sse,canary,partial,2 3 4 5 6 7 8 9 10 11 12 13 14 15 16 17 18 19 20 21 22 23 24 25 26 27 28 29 30 31 32 33 34 35 36 37 38 39 40 131071 1000003 
volk_32f_s32f_calc_spectral_noise_floor_32f,generic,canary,partial,2 3 4 5 6 7 8 9 10 11 12 13 14 15 16 17 18 19 20 21 22 23 24 25 26 27 28 29 30 31 32 33 34 35 36 37 38 39 40 131071 1000003 
volk_32f_s32f_calc_spectral_noise_floor_32f,u_avx,canary,partial,2 3 4 5 6 7 8 9 10 11 12 13 14 15 16 17 18 19 20 21 22 23 24 25 26 27 28 29 30 31 32 33 34 35 36 37 38 39 40 131071 1000003 
volk_32f_s32f_calc_spectral_noise_floor_32f,a_avx,immutable,ok,
volk_32f_s32f_calc_spectral_noise_floor_32f,a_sse,immutable,ok,
volk_32f_s32f_calc_spectral_noise_floor_32f,generic,immutable,ok,
volk_32f_s32f_calc_spectral_noise_floor_32f,u_avx,immutable,ok,
volk_32f_s32f_calc_spectral_noise_floor_32f,a_avx,impl,FAIL,131071 1000003 
volk_32f_s32f_calc_spectral_noise_floor_32f,a_sse,impl,FAIL,27 35 39 131071 1000003 
volk_32f_s32f_calc_spectral_noise_floor_32f,generic,impl,ok,
volk_32f_s32f_calc_spectral_noise_floor_32f,u_avx,impl,FAIL,131071 1000003 
volk_32f_s32f_calc_spectral_noise_floor_32f,generic,misaligned,ok,
volk_32f_s32f_calc_spectral_noise_floor_32f,u_avx,misaligned,ok,
volk_32f_s32f_clamppuppet_32f,-,canary,skip,
volk_32f_s32f_clamppuppet_32f,-,immutable,skip,
volk_32f_s32f_clamppuppet_32f,a_avx2,impl,FAIL,8 9 10 11 12 13 14 15 16 17 18 19 20 21 22 23 24 25 26 27 28 29 30 31 32 33 34 35 36 37 38 39 40 131071 1000003 
volk_32f_s32f_clamppuppet_32f,a_sse4_1,impl,FAIL,4 5 6 7 8 9 10 11 12 13 14 15 16 17 18 19 20 21 22 23 24 25 26 27 28 29 30 31 32 33 34 35 36 37 38 39 40 131071 1000003 
volk_32f_s32f_clamppuppet_32f,generic,impl,ok,
volk_32f_s32f_clamppuppet_32f,u_avx2,impl,FAIL,8 9 10 11 12 13 14 15 16 17 18 19 20 21 22 23 24 25 26 27 28 29 30 31 32 33 34 35 36 37 38 39 40 131071 1000003 
volk_32f_s32f_clamppuppet_32f,u_sse4_1,impl,FAIL,4 5 6 7 8 9 10 11 12 13 14 15 16 17 18 19 20 21 22 23 24 25 26 27 28 29 30 31 32 33 34 35 36 37 38 39 40 131071 1000003 
volk_32f_s32f_clamppuppet_32f,-,misaligned,skip,
volk_32f_s32f_convert_16i,a_avx,canary,ok,
volk_32f_s32f_convert_16i,a_avx2,canary,ok,
volk_32f_s32f_convert_16i,a_avx512,canary,ok,
volk_32f_s32f_convert_16i,a_sse,canary,ok,
volk_32f_s32f_convert_16i,a_sse2,canary,ok,
volk_32f_s32f_convert_16i,generic,canary,ok,
volk_32f_s32f_convert_16i,u_avx,canary,ok,
volk_32f_s32f_convert_16i,u_avx2,canary,ok,
volk_32f_s32f_convert_16i,u_avx512,canary,ok,
volk_32f_s32f_convert_16i,u_sse,canary,ok,
volk_32f_s32f_convert_16i,u_sse2,canary,ok,
volk_32f_s32f_convert_16i,a_avx,immutable,ok,
volk_32f_s32f_convert_16i,a_avx2,immutable,ok,
volk_32f_s32f_convert_16i,a_avx512,immutable,ok,
volk_32f_s32f_convert_16i,a_sse,immutable,ok,
volk_32f_s32f_convert_16i,a_sse2,immutable,ok,
volk_32f_s32f_convert_16i,generic,immutable,ok,
volk_32f_s32f_convert_16i,u_avx,immutable,ok,
volk_32f_s32f_convert_16i,u_avx2,immutable,ok,
volk_32f_s32f_convert_16i,u_avx512,immutable,ok,
volk_32f_s32f_convert_16i,u_sse,immutable,ok,
volk_32f_s32f_convert_16i,u_sse2,immutable,ok,
volk_32f_s32f_convert_16i,a_avx,impl,ok,
volk_32f_s32f_convert_16i,a_avx2,impl,ok,
volk_32f_s32f_convert_16i,a_avx512,impl,ok,
volk_32f_s32f_convert_16i,a_sse,impl,ok,
volk_32f_s32f_convert_16i,a_sse2,impl,ok,
volk_32f_s32f_convert_16i,generic,impl,ok,
volk_32f_s32f_convert_16i,u_avx,impl,ok,
volk_32f_s32f_convert_16i,u_avx2,impl,ok,
volk_32f_s32f_convert_16i,u_avx512,impl,ok,
volk_32f_s32f_convert_16i,u_sse,impl,ok,
volk_32f_s32f_convert_16i,u_sse2,impl,ok,
volk_32f_s32f_convert_16i,generic,misaligned,ok,
volk_32f_s32f_convert_16i,u_avx,misaligned,ok,
volk_32f_s32f_convert_16i,u_avx2,misaligned,ok,
volk_32f_s32f_convert_16i,u_avx512,misaligned,ok,
volk_32f_s32f_convert_16i,u_sse,misaligned,ok,
volk_32f_s32f_convert_16i,u_sse2,misaligned,ok,
volk_32f_s32f_convert_32i,a_avx,canary,ok,
volk_32f_s32f_convert_32i,a_sse,canary,ok,
volk_32f_s32f_convert_32i,a_sse2,canary,ok,
volk_32f_s32f_convert_32i,generic,canary,ok,
volk_32f_s32f_convert_32i,u_avx,canary,ok,
volk_32f_s32f_convert_32i,u_sse,canary,ok,
volk_32f_s32f_convert_32i,u_sse2,canary,ok,
volk_32f_s32f_convert_32i,a_avx,immutable,ok,
volk_32f_s32f_convert_32i,a_sse,immutable,ok,
volk_32f_s32f_convert_32i,a_sse2,immutable,ok,
volk_32f_s32f_convert_32i,generic,immutable,ok,
volk_32f_s32f_convert_32i,u_avx,immutable,ok,
volk_32f_s32f_convert_32i,u_sse,immutable,ok,
volk_32f_s32f_convert_32i,u_sse2,immutable,ok,
volk_32f_s32f_convert_32i,a_avx,impl,ok,
volk_32f_s32f_convert_32i,a_sse,impl,ok,
volk_32f_s32f_convert_32i,a_sse2,impl,ok,
volk_32f_s32f_convert_32i,generic,impl,ok,
volk_32f_s32f_convert_32i,u_avx,impl,ok,
volk_32f_s32f_convert_32i,u_sse,impl,ok,
volk_32f_s32f_convert_32i,u_sse2,impl,ok,
volk_32f_s32f_convert_32i,generic,misaligned,ok,
volk_32f_s32f_convert_32i,u_avx,misaligned,ok,
volk_32f_s32f_convert_32i,u_sse,misaligned,ok,
volk_32f_s32f_convert_32i,u_sse2,misaligned,ok,
volk_32f_s32f_convert_8i,a_avx2,canary,ok,
volk_32f_s32f_convert_8i,a_avx512,canary,ok,
volk_32f_s32f_convert_8i,a_sse,canary,ok,
volk_32f_s32f_convert_8i,a_sse2,canary,ok,
volk_32f_s32f_convert_8i,generic,canary,ok,
volk_32f_s32f_convert_8i,u_avx2,canary,ok,
volk_32f_s32f_convert_8i,u_avx512,canary,ok,
volk_32f_s32f_convert_8i,u_sse,canary,ok,
volk_32f_s32f_convert_8i,u_sse2,canary,ok,
volk_32f_s32f_convert_8i,a_avx2,immutable,ok,
volk_32f_s32f_convert_8i,a_avx512,immutable,ok,
volk_32f_s32f_convert_8i,a_sse,immutable,ok,
volk_32f_s32f_convert_8i,a_sse2,immutable,ok,
volk_32f_s32f_convert_8i,generic,immutable,ok,
volk_32f_s32f_convert_8i,u_avx2,immutable,ok,
volk_32f_s32f_convert_8i,u_avx512,immutable,ok,
volk_32f_s32f_convert_8i,u_sse,immutable,ok,
volk_32f_s32f_convert_8i,u_sse2,immutable,ok,
volk_32f_s32f_convert_8i,a_avx2,impl,ok,
volk_32f_s32f_convert_8i,a_avx512,impl,ok,
volk_32f_s32f_convert_8i,a_sse,impl,ok,
volk_32f_s32f_convert_8i,a_sse2,impl,ok,
volk_32f_s32f_convert_8i,generic,impl,ok,
volk_32f_s32f_convert_8i,u_avx2,impl,ok,
volk_32f_s32f_convert_8i,u_avx512,impl,ok,
volk_32f_s32f_convert_8i,u_sse,impl,ok,
volk_32f_s32f_convert_8i,u_sse2,impl,ok,
volk_32f_s32f_convert_8i,generic,misaligned,ok,
volk_32f_s32f_convert_8i,u_avx2,misaligned,ok,
volk_32f_s32f_convert_8i,u_avx512,misaligned,ok,
volk_32f_s32f_convert_8i,u_sse,misaligned,ok,
volk_32f_s32f_convert_8i,u_sse2,misaligned,ok,
volk_32f_s32f_convertpuppet_8u,-,canary,skip,
volk_32f_s32f_convertpuppet_8u,-,immutable,skip,
volk_32f_s32f_convertpuppet_8u,a_avx2,impl,ok,
volk_32f_s32f_convertpuppet_8u,a_avx2_fma,impl,ok,
volk_32f_s32f_convertpuppet_8u,a_sse,impl,ok,
volk_32f_s32f_convertpuppet_8u,a_sse2,impl,ok,
volk_32f_s32f_convertpuppet_8u,generic,impl,ok,
volk_32f_s32f_convertpuppet_8u,u_avx2,impl,ok,
volk_32f_s32f_convertpuppet_8u,u_avx2_fma,impl,ok,
volk_32f_s32f_convertpuppet_8u,u_sse,impl,ok,
volk_32f_s32f_convertpuppet_8u,u_sse2,impl,ok,
volk_32f_s32f_convertpuppet_8u,-,misaligned,skip,
volk_32f_s32f_mod_rangepuppet_32f,-,canary,skip,
volk_32f_s32f_mod_rangepuppet_32f,-,immutable,skip,
volk_32f_s32f_mod_rangepuppet_32f,a_avx,impl,ok,
volk_32f_s32f_mod_rangepuppet_32f,a_sse,impl,ok,
volk_32f_s32f_mod_rangepuppet_32f,a_sse2,impl,ok,
volk_32f_s32f_mod_rangepuppet_32f,generic,impl,ok,
volk_32f_s32f_mod_rangepuppet_32f,u_avx,impl,ok,
volk_32f_s32f_mod_rangepuppet_32f,u_sse,impl,ok,
volk_32f_s32f_mod_rangepuppet_32f,u_sse2,impl,ok,
volk_32f_s32f_mod_rangepuppet_32f,-,misaligned,skip,
volk_32f_s32f_multiply_32f,a_avx,canary,ok,
volk_32f_s32f_multiply_32f,a_sse,canary,ok,
volk_32f_s32f_multiply_32f,generic,canary,ok,
volk_32f_s32f_multiply_32f,u_avx,canary,ok,
volk_32f_s32f_multiply_32f,u_orc,canary,ok,
volk_32f_s32f_multiply_32f,u_sse,canary,ok,
volk_32f_s32f_multiply_32f,a_avx,immutable,ok,
volk_32f_s32f_multiply_32f,a_sse,immutable,ok,
volk_32f_s32f_multiply_32f,generic,immutable,ok,
volk_32f_s32f_multiply_32f,u_avx,immutable,ok,
volk_32f_s32f_multiply_32f,u_orc,immutable,ok,
volk_32f_s32f_multiply_32f,u_sse,immutable,ok,
volk_32f_s32f_multiply_32f,a_avx,impl,ok,
volk_32f_s32f_multiply_32f,a_sse,impl,ok,
volk_32f_s32f_multiply_32f,generic,impl,ok,
volk_32f_s32f_multiply_32f,u_avx,impl,ok,
volk_32f_s32f_multiply_32f,u_orc,impl,ok,
volk_32f_s32f_multiply_32f,u_sse,impl,ok,
volk_32f_s32f_multiply_32f,generic,misaligned,ok,
volk_32f_s32f_multiply_32f,u_avx,misaligned,ok,
volk_32f_s32f_multiply_32f,u_orc,misaligned,ok,
volk_32f_s32f_multiply_32f,u_sse,misaligned,ok,
volk_32f_s32f_normalize,-,canary,skip,
volk_32f_s32f_normalize,-,immutable,skip,
volk_32f_s32f_normalize,a_avx,impl,ok,
volk_32f_s32f_normalize,a_sse,impl,ok,
volk_32f_s32f_normalize,generic,impl,ok,
volk_32f_s32f_normalize,u_avx,impl,ok,
volk_32f_s32f_normalize,u_orc,impl,ok,
volk_32f_s32f_normalize,generic,misaligned,ok,
volk_32f_s32f_normalize,u_avx,misaligned,ok,
volk_32f_s32f_normalize,u_orc,misaligned,ok,
volk_32f_s32f_power_32f,generic,canary,ok,
volk_32f_s32f_power_32f,generic,immutable,ok,
volk_32f_s32f_power_32f,generic,misaligned,ok,
volk_32f_s32f_power_32f,-,sweep,skip,no-qa-entry
volk_32f_s32f_s32f_mod_range_32f,-,canary,skip,no-qa-entry
volk_32f_s32f_s32f_mod_range_32f,-,immutable,skip,no-qa-entry
volk_32f_s32f_s32f_mod_range_32f,-,misaligned,skip,no-qa-entry
volk_32f_s32f_s32f_mod_range_32f,-,sweep,skip,no-qa-entry
volk_32f_s32f_stddev_32f,a_avx,canary,partial,2 3 4 5 6 7 8 9 10 11 12 13 14 15 16 17 18 19 20 21 22 23 24 25 26 27 28 29 30 31 32 33 34 35 36 37 38 39 40 131071 1000003 
volk_32f_s32f_stddev_32f,a_sse,canary,partial,2 3 4 5 6 7 8 9 10 11 12 13 14 15 16 17 18 19 20 21 22 23 24 25 26 27 28 29 30 31 32 33 34 35 36 37 38 39 40 131071 1000003 
volk_32f_s32f_stddev_32f,a_sse4_1,canary,partial,2 3 4 5 6 7 8 9 10 11 12 13 14 15 16 17 18 19 20 21 22 23 24 25 26 27 28 29 30 31 32 33 34 35 36 37 38 39 40 131071 1000003 
volk_32f_s32f_stddev_32f,generic,canary,partial,2 3 4 5 6 7 8 9 10 11 12 13 14 15 16 17 18 19 20 21 22 23 24 25 26 27 28 29 30 31 32 33 34 35 36 37 38 39 40 131071 1000003 
volk_32f_s32f_stddev_32f,u_avx,canary,partial,2 3 4 5 6 7 8 9 10 11 12 13 14 15 16 17 18 19 20 21 22 23 24 25 26 27 28 29 30 31 32 33 34 35 36 37 38 39 40 131071 1000003 
volk_32f_s32f_stddev_32f,a_avx,immutable,ok,
volk_32f_s32f_stddev_32f,a_sse,immutable,ok,
volk_32f_s32f_stddev_32f,a_sse4_1,immutable,ok,
volk_32f_s32f_stddev_32f,generic,immutable,ok,
volk_32f_s32f_stddev_32f,u_avx,immutable,ok,
volk_32f_s32f_stddev_32f,a_avx,impl,ok,
volk_32f_s32f_stddev_32f,a_sse,impl,ok,
volk_32f_s32f_stddev_32f,a_sse4_1,impl,ok,
volk_32f_s32f_stddev_32f,generic,impl,ok,
volk_32f_s32f_stddev_32f,u_avx,impl,ok,
volk_32f_s32f_stddev_32f,generic,misaligned,ok,
volk_32f_s32f_stddev_32f,u_avx,misaligned,ok,
volk_32f_s32f_x2_clamp_32f,-,canary,skip,no-qa-entry
volk_32f_s32f_x2_clamp_32f,-,immutable,skip,no-qa-entry
volk_32f_s32f_x2_clamp_32f,-,misaligned,skip,no-qa-entry
volk_32f_s32f_x2_clamp_32f,-,sweep,skip,no-qa-entry
volk_32f_s32f_x2_convert_8u,-,canary,skip,no-qa-entry
volk_32f_s32f_x2_convert_8u,-,immutable,skip,no-qa-entry
volk_32f_s32f_x2_convert_8u,-,misaligned,skip,no-qa-entry
volk_32f_s32f_x2_convert_8u,-,sweep,skip,no-qa-entry
volk_32f_sin_32f,a_avx2,canary,ok,
volk_32f_sin_32f,a_avx2_fma,canary,ok,
volk_32f_sin_32f,a_avx512f,canary,ok,
volk_32f_sin_32f,a_sse4_1,canary,ok,
volk_32f_sin_32f,generic,canary,ok,
volk_32f_sin_32f,polynomial,canary,ok,
volk_32f_sin_32f,u_avx2,canary,ok,
volk_32f_sin_32f,u_avx2_fma,canary,ok,
volk_32f_sin_32f,u_avx512f,canary,ok,
volk_32f_sin_32f,u_sse4_1,canary,ok,
volk_32f_sin_32f,a_avx2,immutable,ok,
volk_32f_sin_32f,a_avx2_fma,immutable,ok,
volk_32f_sin_32f,a_avx512f,immutable,ok,
volk_32f_sin_32f,a_sse4_1,immutable,ok,
volk_32f_sin_32f,generic,immutable,ok,
volk_32f_sin_32f,polynomial,immutable,ok,
volk_32f_sin_32f,u_avx2,immutable,ok,
volk_32f_sin_32f,u_avx2_fma,immutable,ok,
volk_32f_sin_32f,u_avx512f,immutable,ok,
volk_32f_sin_32f,u_sse4_1,immutable,ok,
volk_32f_sin_32f,a_avx2,impl,ok,
volk_32f_sin_32f,a_avx2_fma,impl,ok,
volk_32f_sin_32f,a_avx512f,impl,ok,
volk_32f_sin_32f,a_sse4_1,impl,ok,
volk_32f_sin_32f,generic,impl,ok,
volk_32f_sin_32f,polynomial,impl,ok,
volk_32f_sin_32f,u_avx2,impl,ok,
volk_32f_sin_32f,u_avx2_fma,impl,ok,
volk_32f_sin_32f,u_avx512f,impl,ok,
volk_32f_sin_32f,u_sse4_1,impl,ok,
volk_32f_sin_32f,generic,misaligned,ok,
volk_32f_sin_32f,polynomial,misaligned,ok,
volk_32f_sin_32f,u_avx2,misaligned,ok,
volk_32f_sin_32f,u_avx2_fma,misaligned,ok,
volk_32f_sin_32f,u_avx512f,misaligned,ok,
volk_32f_sin_32f,u_sse4_1,misaligned,ok,
volk_32f_sincos_32f_x2,a_avx2,canary,ok,
volk_32f_sincos_32f_x2,a_avx2_fma,canary,ok,
volk_32f_sincos_32f_x2,a_avx512f,canary,ok,
volk_32f_sincos_32f_x2,a_sse4_1,canary,ok,
volk_32f_sincos_32f_x2,generic,canary,ok,
volk_32f_sincos_32f_x2,polynomial,canary,ok,
volk_32f_sincos_32f_x2,u_avx2,canary,ok,
volk_32f_sincos_32f_x2,u_avx2_fma,canary,ok,
volk_32f_sincos_32f_x2,u_avx512f,canary,ok,
volk_32f_sincos_32f_x2,u_sse4_1,canary,ok,
volk_32f_sincos_32f_x2,a_avx2,immutable,ok,
volk_32f_sincos_32f_x2,a_avx2_fma,immutable,ok,
volk_32f_sincos_32f_x2,a_avx512f,immutable,ok,
volk_32f_sincos_32f_x2,a_sse4_1,immutable,ok,
volk_32f_sincos_32f_x2,generic,immutable,ok,
volk_32f_sincos_32f_x2,polynomial,immutable,ok,
volk_32f_sincos_32f_x2,u_avx2,immutable,ok,
volk_32f_sincos_32f_x2,u_avx2_fma,immutable,ok,
volk_32f_sincos_32f_x2,u_avx512f,immutable,ok,
volk_32f_sincos_32f_x2,u_sse4_1,immutable,ok,
volk_32f_sincos_32f_x2,a_avx2,impl,ok,
volk_32f_sincos_32f_x2,a_avx2_fma,impl,ok,
volk_32f_sincos_32f_x2,a_avx512f,impl,ok,
volk_32f_sincos_32f_x2,a_sse4_1,impl,ok,
volk_32f_sincos_32f_x2,generic,impl,ok,
volk_32f_sincos_32f_x2,polynomial,impl,ok,
volk_32f_sincos_32f_x2,u_avx2,impl,ok,
volk_32f_sincos_32f_x2,u_avx2_fma,impl,ok,
volk_32f_sincos_32f_x2,u_avx512f,impl,ok,
volk_32f_sincos_32f_x2,u_sse4_1,impl,ok,
volk_32f_sincos_32f_x2,generic,misaligned,ok,
volk_32f_sincos_32f_x2,polynomial,misaligned,ok,
volk_32f_sincos_32f_x2,u_avx2,misaligned,ok,
volk_32f_sincos_32f_x2,u_avx2_fma,misaligned,ok,
volk_32f_sincos_32f_x2,u_avx512f,misaligned,ok,
volk_32f_sincos_32f_x2,u_sse4_1,misaligned,ok,
volk_32f_sqrt_32f,a_avx,canary,ok,
volk_32f_sqrt_32f,a_avx2,canary,ok,
volk_32f_sqrt_32f,a_avx512,canary,ok,
volk_32f_sqrt_32f,a_sse,canary,ok,
volk_32f_sqrt_32f,generic,canary,ok,
volk_32f_sqrt_32f,u_avx,canary,ok,
volk_32f_sqrt_32f,u_avx2,canary,ok,
volk_32f_sqrt_32f,u_avx512,canary,ok,
volk_32f_sqrt_32f,u_sse,canary,ok,
volk_32f_sqrt_32f,a_avx,immutable,ok,
volk_32f_sqrt_32f,a_avx2,immutable,ok,
volk_32f_sqrt_32f,a_avx512,immutable,ok,
volk_32f_sqrt_32f,a_sse,immutable,ok,
volk_32f_sqrt_32f,generic,immutable,ok,
volk_32f_sqrt_32f,u_avx,immutable,ok,
volk_32f_sqrt_32f,u_avx2,immutable,ok,
volk_32f_sqrt_32f,u_avx512,immutable,ok,
volk_32f_sqrt_32f,u_sse,immutable,ok,
volk_32f_sqrt_32f,a_avx,impl,ok,
volk_32f_sqrt_32f,a_avx2,impl,ok,
volk_32f_sqrt_32f,a_avx512,impl,ok,
volk_32f_sqrt_32f,a_sse,impl,ok,
volk_32f_sqrt_32f,generic,impl,ok,
volk_32f_sqrt_32f,u_avx,impl,ok,
volk_32f_sqrt_32f,u_avx2,impl,ok,
volk_32f_sqrt_32f,u_avx512,impl,ok,
volk_32f_sqrt_32f,u_sse,impl,ok,
volk_32f_sqrt_32f,generic,misaligned,ok,
volk_32f_sqrt_32f,u_avx,misaligned,ok,
volk_32f_sqrt_32f,u_avx2,misaligned,ok,
volk_32f_sqrt_32f,u_avx512,misaligned,ok,
volk_32f_sqrt_32f,u_sse,misaligned,ok,
volk_32f_stddev_and_mean_32f_x2,a_avx,canary,partial,2 3 4 5 6 7 8 9 10 11 12 13 14 15 16 17 18 19 20 21 22 23 24 25 26 27 28 29 30 31 32 33 34 35 36 37 38 39 40 131071 1000003 
volk_32f_stddev_and_mean_32f_x2,a_sse,canary,partial,2 3 4 5 6 7 8 9 10 11 12 13 14 15 16 17 18 19 20 21 22 23 24 25 26 27 28 29 30 31 32 33 34 35 36 37 38 39 40 131071 1000003 
volk_32f_stddev_and_mean_32f_x2,generic,canary,partial,2 3 4 5 6 7 8 9 10 11 12 13 14 15 16 17 18 19 20 21 22 23 24 25 26 27 28 29 30 31 32 33 34 35 36 37 38 39 40 131071 1000003 
volk_32f_stddev_and_mean_32f_x2,u_avx,canary,partial,2 3 4 5 6 7 8 9 10 11 12 13 14 15 16 17 18 19 20 21 22 23 24 25 26 27 28 29 30 31 32 33 34 35 36 37 38 39 40 131071 1000003 
volk_32f_stddev_and_mean_32f_x2,u_sse,canary,partial,2 3 4 5 6 7 8 9 10 11 12 13 14 15 16 17 18 19 20 21 22 23 24 25 26 27 28 29 30 31 32 33 34 35 36 37 38 39 40 131071 1000003 
volk_32f_stddev_and_mean_32f_x2,a_avx,immutable,ok,
volk_32f_stddev_and_mean_32f_x2,a_sse,immutable,ok,
volk_32f_stddev_and_mean_32f_x2,generic,immutable,ok,
volk_32f_stddev_and_mean_32f_x2,u_avx,immutable,ok,
volk_32f_stddev_and_mean_32f_x2,u_sse,immutable,ok,
volk_32f_stddev_and_mean_32f_x2,a_avx,impl,FAIL,29 33 131071 1000003 
volk_32f_stddev_and_mean_32f_x2,a_sse,impl,FAIL,37 131071 1000003 
volk_32f_stddev_and_mean_32f_x2,generic,impl,ok,
volk_32f_stddev_and_mean_32f_x2,u_avx,impl,FAIL,29 33 131071 1000003 
volk_32f_stddev_and_mean_32f_x2,u_sse,impl,FAIL,37 131071 1000003 
volk_32f_stddev_and_mean_32f_x2,generic,misaligned,ok,
volk_32f_stddev_and_mean_32f_x2,u_avx,misaligned,ok,
volk_32f_stddev_and_mean_32f_x2,u_sse,misaligned,ok,
volk_32f_tan_32f,a_avx2,canary,ok,
volk_32f_tan_32f,a_avx2_fma,canary,ok,
volk_32f_tan_32f,a_sse4_1,canary,ok,
volk_32f_tan_32f,generic,canary,ok,
volk_32f_tan_32f,u_avx2,canary,ok,
volk_32f_tan_32f,u_avx2_fma,canary,ok,
volk_32f_tan_32f,u_sse4_1,canary,ok,
volk_32f_tan_32f,a_avx2,immutable,ok,
volk_32f_tan_32f,a_avx2_fma,immutable,ok,
volk_32f_tan_32f,a_sse4_1,immutable,ok,
volk_32f_tan_32f,generic,immutable,ok,
volk_32f_tan_32f,u_avx2,immutable,ok,
volk_32f_tan_32f,u_avx2_fma,immutable,ok,
volk_32f_tan_32f,u_sse4_1,immutable,ok,
volk_32f_tan_32f,a_avx2,impl,FAIL,8 9 10 11 12 13 14 15 16 17 18 19 20 21 22 23 24 25 26 27 28 29 30 31 32 33 34 35 36 37 38 39 40 131071 1000003 
volk_32f_tan_32f,a_avx2_fma,impl,FAIL,8 9 10 11 12 13 14 15 16 17 18 19 20 21 22 23 24 25 26 27 28 29 30 31 32 33 34 35 36 37 38 39 40 131071 1000003 
volk_32f_tan_32f,a_sse4_1,impl,FAIL,8 9 10 11 12 13 14 15 16 17 18 19 20 21 22 23 24 25 26 27 28 29 30 31 32 33 34 35 36 37 38 39 40 131071 1000003 
volk_32f_tan_32f,generic,impl,ok,
volk_32f_tan_32f,u_avx2,impl,FAIL,8 9 10 11 12 13 14 15 16 17 18 19 20 21 22 23 24 25 26 27 28 29 30 31 32 33 34 35 36 37 38 39 40 131071 1000003 
volk_32f_tan_32f,u_avx2_fma,impl,FAIL,8 9 10 11 12 13 14 15 16 17 18 19 20 21 22 23 24 25 26 27 28 29 30 31 32 33 34 35 36 37 38 39 40 131071 1000003 
volk_32f_tan_32f,u_sse4_1,impl,FAIL,8 9 10 11 12 13 14 15 16 17 18 19 20 21 22 23 24 25 26 27 28 29 30 31 32 33 34 35 36 37 38 39 40 131071 1000003 
volk_32f_tan_32f,generic,misaligned,ok,
volk_32f_tan_32f,u_avx2,misaligned,ok,
volk_32f_tan_32f,u_avx2_fma,misaligned,ok,
volk_32f_tan_32f,u_sse4_1,misaligned,ok,
volk_32f_tanh_32f,a_avx,canary,ok,
volk_32f_tanh_32f,a_avx_fma,canary,ok,
volk_32f_tanh_32f,a_sse,canary,ok,
volk_32f_tanh_32f,generic,canary,ok,
volk_32f_tanh_32f,series,canary,ok,
volk_32f_tanh_32f,u_avx,canary,ok,
volk_32f_tanh_32f,u_avx_fma,canary,ok,
volk_32f_tanh_32f,u_sse,canary,ok,
volk_32f_tanh_32f,a_avx,immutable,ok,
volk_32f_tanh_32f,a_avx_fma,immutable,ok,
volk_32f_tanh_32f,a_sse,immutable,ok,
volk_32f_tanh_32f,generic,immutable,ok,
volk_32f_tanh_32f,series,immutable,ok,
volk_32f_tanh_32f,u_avx,immutable,ok,
volk_32f_tanh_32f,u_avx_fma,immutable,ok,
volk_32f_tanh_32f,u_sse,immutable,ok,
volk_32f_tanh_32f,generic,misaligned,ok,
volk_32f_tanh_32f,series,misaligned,ok,
volk_32f_tanh_32f,u_avx,misaligned,ok,
volk_32f_tanh_32f,u_avx_fma,misaligned,ok,
volk_32f_tanh_32f,u_sse,misaligned,ok,
volk_32f_tanh_32f,a_avx,ref,FAIL,7 10 11 12 13 14 15 
volk_32f_tanh_32f,a_avx_fma,ref,FAIL,7 10 11 12 13 14 15 
volk_32f_tanh_32f,a_sse,ref,FAIL,7 10 11 
volk_32f_tanh_32f,generic,ref,ok,
volk_32f_tanh_32f,series,ref,FAIL,7 8 9 10 11 12 13 14 15 16 17 18 19 20 21 22 23 24 25 26 27 28 29 30 31 32 33 34 35 36 37 38 39 40 131071 1000003 
volk_32f_tanh_32f,u_avx,ref,FAIL,7 10 11 12 13 14 15 
volk_32f_tanh_32f,u_avx_fma,ref,FAIL,7 10 11 12 13 14 15 
volk_32f_tanh_32f,u_sse,ref,FAIL,7 10 11 
volk_32f_x2_add_32f,a_avx,canary,ok,
volk_32f_x2_add_32f,a_avx512f,canary,ok,
volk_32f_x2_add_32f,a_sse,canary,ok,
volk_32f_x2_add_32f,generic,canary,ok,
volk_32f_x2_add_32f,u_avx,canary,ok,
volk_32f_x2_add_32f,u_avx512f,canary,ok,
volk_32f_x2_add_32f,u_orc,canary,ok,
volk_32f_x2_add_32f,u_sse,canary,ok,
volk_32f_x2_add_32f,a_avx,immutable,ok,
volk_32f_x2_add_32f,a_avx512f,immutable,ok,
volk_32f_x2_add_32f,a_sse,immutable,ok,
volk_32f_x2_add_32f,generic,immutable,ok,
volk_32f_x2_add_32f,u_avx,immutable,ok,
volk_32f_x2_add_32f,u_avx512f,immutable,ok,
volk_32f_x2_add_32f,u_orc,immutable,ok,
volk_32f_x2_add_32f,u_sse,immutable,ok,
volk_32f_x2_add_32f,a_avx,impl,ok,
volk_32f_x2_add_32f,a_avx512f,impl,ok,
volk_32f_x2_add_32f,a_sse,impl,ok,
volk_32f_x2_add_32f,generic,impl,ok,
volk_32f_x2_add_32f,u_avx,impl,ok,
volk_32f_x2_add_32f,u_avx512f,impl,ok,
volk_32f_x2_add_32f,u_orc,impl,ok,
volk_32f_x2_add_32f,u_sse,impl,ok,
volk_32f_x2_add_32f,generic,misaligned,ok,
volk_32f_x2_add_32f,u_avx,misaligned,ok,
volk_32f_x2_add_32f,u_avx512f,misaligned,ok,
volk_32f_x2_add_32f,u_orc,misaligned,ok,
volk_32f_x2_add_32f,u_sse,misaligned,ok,
volk_32f_x2_divide_32f,a_avx,canary,ok,
volk_32f_x2_divide_32f,a_avx512f,canary,ok,
volk_32f_x2_divide_32f,a_sse,canary,ok,
volk_32f_x2_divide_32f,generic,canary,ok,
volk_32f_x2_divide_32f,u_avx,canary,ok,
volk_32f_x2_divide_32f,u_avx512f,canary,ok,
volk_32f_x2_divide_32f,u_orc,canary,ok,
volk_32f_x2_divide_32f,a_avx,immutable,ok,
volk_32f_x2_divide_32f,a_avx512f,immutable,ok,
volk_32f_x2_divide_32f,a_sse,immutable,ok,
volk_32f_x2_divide_32f,generic,immutable,ok,
volk_32f_x2_divide_32f,u_avx,immutable,ok,
volk_32f_x2_divide_32f,u_avx512f,immutable,ok,
volk_32f_x2_divide_32f,u_orc,immutable,ok,
volk_32f_x2_divide_32f,a_avx,impl,ok,
volk_32f_x2_divide_32f,a_avx512f,impl,ok,
volk_32f_x2_divide_32f,a_sse,impl,ok,
volk_32f_x2_divide_32f,generic,impl,ok,
volk_32f_x2_divide_32f,u_avx,impl,ok,
volk_32f_x2_divide_32f,u_avx512f,impl,ok,
volk_32f_x2_divide_32f,u_orc,impl,ok,
volk_32f_x2_divide_32f,generic,misaligned,ok,
volk_32f_x2_divide_32f,u_avx,misaligned,ok,
volk_32f_x2_divide_32f,u_avx512f,misaligned,ok,
volk_32f_x2_divide_32f,u_orc,misaligned,ok,
volk_32f_x2_dot_prod_16i,a_avx,canary,partial,2 3 4 5 6 7 8 9 10 11 12 13 14 15 16 17 18 19 20 21 22 23 24 25 26 27 28 29 30 31 32 33 34 35 36 37 38 39 40 131071 1000003 
volk_32f_x2_dot_prod_16i,a_avx2_fma,canary,partial,2 3 4 5 6 7 8 9 10 11 12 13 14 15 16 17 18 19 20 21 22 23 24 25 26 27 28 29 30 31 32 33 34 35 36 37 38 39 40 131071 1000003 
volk_32f_x2_dot_prod_16i,a_avx512f,canary,partial,2 3 4 5 6 7 8 9 10 11 12 13 14 15 16 17 18 19 20 21 22 23 24 25 26 27 28 29 30 31 32 33 34 35 36 37 38 39 40 131071 1000003 
volk_32f_x2_dot_prod_16i,a_sse,canary,partial,2 3 4 5 6 7 8 9 10 11 12 13 14 15 16 17 18 19 20 21 22 23 24 25 26 27 28 29 30 31 32 33 34 35 36 37 38 39 40 131071 1000003 
volk_32f_x2_dot_prod_16i,generic,canary,partial,2 3 4 5 6 7 8 9 10 11 12 13 14 15 16 17 18 19 20 21 22 23 24 25 26 27 28 29 30 31 32 33 34 35 36 37 38 39 40 131071 1000003 
volk_32f_x2_dot_prod_16i,u_avx,canary,partial,2 3 4 5 6 7 8 9 10 11 12 13 14 15 16 17 18 19 20 21 22 23 24 25 26 27 28 29 30 31 32 33 34 35 36 37 38 39 40 131071 1000003 
volk_32f_x2_dot_prod_16i,u_avx2_fma,canary,partial,2 3 4 5 6 7 8 9 10 11 12 13 14 15 16 17 18 19 20 21 22 23 24 25 26 27 28 29 30 31 32 33 34 35 36 37 38 39 40 131071 1000003 
volk_32f_x2_dot_prod_16i,u_avx512f,canary,partial,2 3 4 5 6 7 8 9 10 11 12 13 14 15 16 17 18 19 20 21 22 23 24 25 26 27 28 29 30 31 32 33 34 35 36 37 38 39 40 131071 1000003 
volk_32f_x2_dot_prod_16i,u_sse,canary,partial,2 3 4 5 6 7 8 9 10 11 12 13 14 15 16 17 18 19 20 21 22 23 24 25 26 27 28 29 30 31 32 33 34 35 36 37 38 39 40 131071 1000003 
volk_32f_x2_dot_prod_16i,a_avx,immutable,ok,
volk_32f_x2_dot_prod_16i,a_avx2_fma,immutable,ok,
volk_32f_x2_dot_prod_16i,a_avx512f,immutable,ok,
volk_32f_x2_dot_prod_16i,a_sse,immutable,ok,
volk_32f_x2_dot_prod_16i,generic,immutable,ok,
volk_32f_x2_dot_prod_16i,u_avx,immutable,ok,
volk_32f_x2_dot_prod_16i,u_avx2_fma,immutable,ok,
volk_32f_x2_dot_prod_16i,u_avx512f,immutable,ok,
volk_32f_x2_dot_prod_16i,u_sse,immutable,ok,
volk_32f_x2_dot_prod_16i,a_avx,impl,ok,
volk_32f_x2_dot_prod_16i,a_avx2_fma,impl,ok,
volk_32f_x2_dot_prod_16i,a_avx512f,impl,ok,
volk_32f_x2_dot_prod_16i,a_sse,impl,ok,
volk_32f_x2_dot_prod_16i,generic,impl,ok,
volk_32f_x2_dot_prod_16i,u_avx,impl,ok,
volk_32f_x2_dot_prod_16i,u_avx2_fma,impl,ok,
volk_32f_x2_dot_prod_16i,u_avx512f,impl,ok,
volk_32f_x2_dot_prod_16i,u_sse,impl,ok,
volk_32f_x2_dot_prod_16i,generic,misaligned,ok,
volk_32f_x2_dot_prod_16i,u_avx,misaligned,ok,
volk_32f_x2_dot_prod_16i,u_avx2_fma,misaligned,ok,
volk_32f_x2_dot_prod_16i,u_avx512f,misaligned,ok,
volk_32f_x2_dot_prod_16i,u_sse,misaligned,ok,
volk_32f_x2_dot_prod_32f,a_avx,canary,partial,2 3 4 5 6 7 8 9 10 11 12 13 14 15 16 17 18 19 20 21 22 23 24 25 26 27 28 29 30 31 32 33 34 35 36 37 38 39 40 131071 1000003 
volk_32f_x2_dot_prod_32f,a_avx2_fma,canary,partial,2 3 4 5 6 7 8 9 10 11 12 13 14 15 16 17 18 19 20 21 22 23 24 25 26 27 28 29 30 31 32 33 34 35 36 37 38 39 40 131071 1000003 
volk_32f_x2_dot_prod_32f,a_avx512f,canary,partial,2 3 4 5 6 7 8 9 10 11 12 13 14 15 16 17 18 19 20 21 22 23 24 25 26 27 28 29 30 31 32 33 34 35 36 37 38 39 40 131071 1000003 
volk_32f_x2_dot_prod_32f,a_sse,canary,partial,2 3 4 5 6 7 8 9 10 11 12 13 14 15 16 17 18 19 20 21 22 23 24 25 26 27 28 29 30 31 32 33 34 35 36 37 38 39 40 131071 1000003 
volk_32f_x2_dot_prod_32f,a_sse3,canary,partial,2 3 4 5 6 7 8 9 10 11 12 13 14 15 16 17 18 19 20 21 22 23 24 25 26 27 28 29 30 31 32 33 34 35 36 37 38 39 40 131071 1000003 
volk_32f_x2_dot_prod_32f,a_sse4_1,canary,partial,2 3 4 5 6 7 8 9 10 11 12 13 14 15 16 17 18 19 20 21 22 23 24 25 26 27 28 29 30 31 32 33 34 35 36 37 38 39 40 131071 1000003 
volk_32f_x2_dot_prod_32f,generic,canary,partial,2 3 4 5 6 7 8 9 10 11 12 13 14 15 16 17 18 19 20 21 22 23 24 25 26 27 28 29 30 31 32 33 34 35 36 37 38 39 40 131071 1000003 
volk_32f_x2_dot_prod_32f,u_avx,canary,partial,2 3 4 5 6 7 8 9 10 11 12 13 14 15 16 17 18 19 20 21 22 23 24 25 26 27 28 29 30 31 32 33 34 35 36 37 38 39 40 131071 1000003 
volk_32f_x2_dot_prod_32f,u_avx2_fma,canary,partial,2 3 4 5 6 7 8 9 10 11 12 13 14 15 16 17 18 19 20 21 22 23 24 25 26 27 28 29 30 31 32 33 34 35 36 37 38 39 40 131071 1000003 
volk_32f_x2_dot_prod_32f,u_avx512f,canary,partial,2 3 4 5 6 7 8 9 10 11 12 13 14 15 16 17 18 19 20 21 22 23 24 25 26 27 28 29 30 31 32 33 34 35 36 37 38 39 40 131071 1000003 
volk_32f_x2_dot_prod_32f,u_sse,canary,partial,2 3 4 5 6 7 8 9 10 11 12 13 14 15 16 17 18 19 20 21 22 23 24 25 26 27 28 29 30 31 32 33 34 35 36 37 38 39 40 131071 1000003 
volk_32f_x2_dot_prod_32f,u_sse3,canary,partial,2 3 4 5 6 7 8 9 10 11 12 13 14 15 16 17 18 19 20 21 22 23 24 25 26 27 28 29 30 31 32 33 34 35 36 37 38 39 40 131071 1000003 
volk_32f_x2_dot_prod_32f,u_sse4_1,canary,partial,2 3 4 5 6 7 8 9 10 11 12 13 14 15 16 17 18 19 20 21 22 23 24 25 26 27 28 29 30 31 32 33 34 35 36 37 38 39 40 131071 1000003 
volk_32f_x2_dot_prod_32f,a_avx,immutable,ok,
volk_32f_x2_dot_prod_32f,a_avx2_fma,immutable,ok,
volk_32f_x2_dot_prod_32f,a_avx512f,immutable,ok,
volk_32f_x2_dot_prod_32f,a_sse,immutable,ok,
volk_32f_x2_dot_prod_32f,a_sse3,immutable,ok,
volk_32f_x2_dot_prod_32f,a_sse4_1,immutable,ok,
volk_32f_x2_dot_prod_32f,generic,immutable,ok,
volk_32f_x2_dot_prod_32f,u_avx,immutable,ok,
volk_32f_x2_dot_prod_32f,u_avx2_fma,immutable,ok,
volk_32f_x2_dot_prod_32f,u_avx512f,immutable,ok,
volk_32f_x2_dot_prod_32f,u_sse,immutable,ok,
volk_32f_x2_dot_prod_32f,u_sse3,immutable,ok,
volk_32f_x2_dot_prod_32f,u_sse4_1,immutable,ok,
volk_32f_x2_dot_prod_32f,a_avx,impl,FAIL,131071 1000003 
volk_32f_x2_dot_prod_32f,a_avx2_fma,impl,FAIL,131071 1000003 
volk_32f_x2_dot_prod_32f,a_avx512f,impl,FAIL,131071 1000003 
volk_32f_x2_dot_prod_32f,a_sse,impl,FAIL,131071 1000003 
volk_32f_x2_dot_prod_32f,a_sse3,impl,FAIL,131071 1000003 
volk_32f_x2_dot_prod_32f,a_sse4_1,impl,FAIL,131071 1000003 
volk_32f_x2_dot_prod_32f,generic,impl,ok,
volk_32f_x2_dot_prod_32f,u_avx,impl,FAIL,131071 1000003 
volk_32f_x2_dot_prod_32f,u_avx2_fma,impl,FAIL,131071 1000003 
volk_32f_x2_dot_prod_32f,u_avx512f,impl,FAIL,131071 1000003 
volk_32f_x2_dot_prod_32f,u_sse,impl,FAIL,131071 1000003 
volk_32f_x2_dot_prod_32f,u_sse3,impl,FAIL,131071 1000003 
volk_32f_x2_dot_prod_32f,u_sse4_1,impl,FAIL,131071 1000003 
volk_32f_x2_dot_prod_32f,generic,misaligned,ok,
volk_32f_x2_dot_prod_32f,u_avx,misaligned,ok,
volk_32f_x2_dot_prod_32f,u_avx2_fma,misaligned,ok,
volk_32f_x2_dot_prod_32f,u_avx512f,misaligned,ok,
volk_32f_x2_dot_prod_32f,u_sse,misaligned,ok,
volk_32f_x2_dot_prod_32f,u_sse3,misaligned,ok,
volk_32f_x2_dot_prod_32f,u_sse4_1,misaligned,ok,
volk_32f_x2_fm_detectpuppet_32f,-,canary,skip,
volk_32f_x2_fm_detectpuppet_32f,-,immutable,skip,
volk_32f_x2_fm_detectpuppet_32f,a_avx,impl,ok,
volk_32f_x2_fm_detectpuppet_32f,a_sse,impl,ok,
volk_32f_x2_fm_detectpuppet_32f,generic,impl,ok,
volk_32f_x2_fm_detectpuppet_32f,u_avx,impl,ok,
volk_32f_x2_fm_detectpuppet_32f,-,misaligned,skip,
volk_32f_x2_interleave_32fc,a_avx,canary,ok,
volk_32f_x2_interleave_32fc,a_sse,canary,ok,
volk_32f_x2_interleave_32fc,generic,canary,ok,
volk_32f_x2_interleave_32fc,u_avx,canary,ok,
volk_32f_x2_interleave_32fc,a_avx,immutable,ok,
volk_32f_x2_interleave_32fc,a_sse,immutable,ok,
volk_32f_x2_interleave_32fc,generic,immutable,ok,
volk_32f_x2_interleave_32fc,u_avx,immutable,ok,
volk_32f_x2_interleave_32fc,a_avx,impl,ok,
volk_32f_x2_interleave_32fc,a_sse,impl,ok,
volk_32f_x2_interleave_32fc,generic,impl,ok,
volk_32f_x2_interleave_32fc,u_avx,impl,ok,
volk_32f_x2_interleave_32fc,generic,misaligned,ok,
volk_32f_x2_interleave_32fc,u_avx,misaligned,ok,
volk_32f_x2_max_32f,a_avx,canary,ok,
volk_32f_x2_max_32f,a_avx512f,canary,ok,
volk_32f_x2_max_32f,a_sse,canary,ok,
volk_32f_x2_max_32f,generic,canary,ok,
volk_32f_x2_max_32f,u_avx,canary,ok,
volk_32f_x2_max_32f,u_avx512f,canary,ok,
volk_32f_x2_max_32f,u_orc,canary,ok,
volk_32f_x2_max_32f,a_avx,immutable,ok,
volk_32f_x2_max_32f,a_avx512f,immutable,ok,
volk_32f_x2_max_32f,a_sse,immutable,ok,
volk_32f_x2_max_32f,generic,immutable,ok,
volk_32f_x2_max_32f,u_avx,immutable,ok,
volk_32f_x2_max_32f,u_avx512f,immutable,ok,
volk_32f_x2_max_32f,u_orc,immutable,ok,
volk_32f_x2_max_32f,a_avx,impl,ok,
volk_32f_x2_max_32f,a_avx512f,impl,ok,
volk_32f_x2_max_32f,a_sse,impl,ok,
volk_32f_x2_max_32f,generic,impl,ok,
volk_32f_x2_max_32f,u_avx,impl,ok,
volk_32f_x2_max_32f,u_avx512f,impl,ok,
volk_32f_x2_max_32f,u_orc,impl,ok,
volk_32f_x2_max_32f,generic,misaligned,ok,
volk_32f_x2_max_32f,u_avx,misaligned,ok,
volk_32f_x2_max_32f,u_avx512f,misaligned,ok,
volk_32f_x2_max_32f,u_orc,misaligned,ok,
volk_32f_x2_min_32f,a_avx,canary,ok,
volk_32f_x2_min_32f,a_avx512f,canary,ok,
volk_32f_x2_min_32f,a_sse,canary,ok,
volk_32f_x2_min_32f,generic,canary,ok,
volk_32f_x2_min_32f,u_avx,canary,ok,
volk_32f_x2_min_32f,u_avx512f,canary,ok,
volk_32f_x2_min_32f,u_orc,canary,ok,
volk_32f_x2_min_32f,a_avx,immutable,ok,
volk_32f_x2_min_32f,a_avx512f,immutable,ok,
volk_32f_x2_min_32f,a_sse,immutable,ok,
volk_32f_x2_min_32f,generic,immutable,ok,
volk_32f_x2_min_32f,u_avx,immutable,ok,
volk_32f_x2_min_32f,u_avx512f,immutable,ok,
volk_32f_x2_min_32f,u_orc,immutable,ok,
volk_32f_x2_min_32f,a_avx,impl,ok,
volk_32f_x2_min_32f,a_avx512f,impl,ok,
volk_32f_x2_min_32f,a_sse,impl,ok,
volk_32f_x2_min_32f,generic,impl,ok,
volk_32f_x2_min_32f,u_avx,impl,ok,
volk_32f_x2_min_32f,u_avx512f,impl,ok,
volk_32f_x2_min_32f,u_orc,impl,ok,
volk_32f_x2_min_32f,generic,misaligned,ok,
volk_32f_x2_min_32f,u_avx,misaligned,ok,
volk_32f_x2_min_32f,u_avx512f,misaligned,ok,
volk_32f_x2_min_32f,u_orc,misaligned,ok,
volk_32f_x2_multiply_32f,a_avx,canary,ok,
volk_32f_x2_multiply_32f,a_avx512f,canary,ok,
volk_32f_x2_multiply_32f,a_sse,canary,ok,
volk_32f_x2_multiply_32f,generic,canary,ok,
volk_32f_x2_multiply_32f,u_avx,canary,ok,
volk_32f_x2_multiply_32f,u_avx512f,canary,ok,
volk_32f_x2_multiply_32f,u_orc,canary,ok,
volk_32f_x2_multiply_32f,u_sse,canary,ok,
volk_32f_x2_multiply_32f,a_avx,immutable,ok,
volk_32f_x2_multiply_32f,a_avx512f,immutable,ok,
volk_32f_x2_multiply_32f,a_sse,immutable,ok,
volk_32f_x2_multiply_32f,generic,immutable,ok,
volk_32f_x2_multiply_32f,u_avx,immutable,ok,
volk_32f_x2_multiply_32f,u_avx512f,immutable,ok,
volk_32f_x2_multiply_32f,u_orc,immutable,ok,
volk_32f_x2_multiply_32f,u_sse,immutable,ok,
volk_32f_x2_multiply_32f,a_avx,impl,ok,
volk_32f_x2_multiply_32f,a_avx512f,impl,ok,
volk_32f_x2_multiply_32f,a_sse,impl,ok,
volk_32f_x2_multiply_32f,generic,impl,ok,
volk_32f_x2_multiply_32f,u_avx,impl,ok,
volk_32f_x2_multiply_32f,u_avx512f,impl,ok,
volk_32f_x2_multiply_32f,u_orc,impl,ok,
volk_32f_x2_multiply_32f,u_sse,impl,ok,
volk_32f_x2_multiply_32f,generic,misaligned,ok,
volk_32f_x2_multiply_32f,u_avx,misaligned,ok,
volk_32f_x2_multiply_32f,u_avx512f,misaligned,ok,
volk_32f_x2_multiply_32f,u_orc,misaligned,ok,
volk_32f_x2_multiply_32f,u_sse,misaligned,ok,
volk_32f_x2_pow_32f,-,canary,skip,no-qa-entry
volk_32f_x2_pow_32f,-,immutable,skip,no-qa-entry
volk_32f_x2_pow_32f,-,misaligned,skip,no-qa-entry
volk_32f_x2_pow_32f,-,sweep,skip,no-qa-entry
volk_32f_x2_powpuppet_32f,-,canary,skip,
volk_32f_x2_powpuppet_32f,-,immutable,skip,
volk_32f_x2_powpuppet_32f,a_avx2,impl,FAIL,8 9 10 11 12 13 14 15 16 17 18 19 20 21 22 23 24 25 26 27 28 29 30 31 32 33 34 35 36 37 38 39 40 131071 1000003 
volk_32f_x2_powpuppet_32f,a_avx2_fma,impl,FAIL,8 9 10 11 12 13 14 15 16 17 18 19 20 21 22 23 24 25 26 27 28 29 30 31 32 33 34 35 36 37 38 39 40 131071 1000003 
volk_32f_x2_powpuppet_32f,a_sse4_1,impl,FAIL,8 9 10 11 12 13 14 15 16 17 18 19 20 21 22 23 24 25 26 27 28 29 30 31 32 33 34 35 36 37 38 39 40 131071 1000003 
volk_32f_x2_powpuppet_32f,generic,impl,ok,
volk_32f_x2_powpuppet_32f,u_avx2,impl,FAIL,8 9 10 11 12 13 14 15 16 17 18 19 20 21 22 23 24 25 26 27 28 29 30 31 32 33 34 35 36 37 38 39 40 131071 1000003 
volk_32f_x2_powpuppet_32f,u_avx2_fma,impl,FAIL,8 9 10 11 12 13 14 15 16 17 18 19 20 21 22 23 24 25 26 27 28 29 30 31 32 33 34 35 36 37 38 39 40 131071 1000003 
volk_32f_x2_powpuppet_32f,u_sse4_1,impl,FAIL,8 9 10 11 12 13 14 15 16 17 18 19 20 21 22 23 24 25 26 27 28 29 30 31 32 33 34 35 36 37 38 39 40 131071 1000003 
volk_32f_x2_powpuppet_32f,-,misaligned,skip,
volk_32f_x2_s32f_interleave_16ic,a_avx2,canary,ok,
volk_32f_x2_s32f_interleave_16ic,a_sse,canary,ok,
volk_32f_x2_s32f_interleave_16ic,a_sse2,canary,ok,
volk_32f_x2_s32f_interleave_16ic,generic,canary,ok,
volk_32f_x2_s32f_interleave_16ic,u_avx2,canary,ok,
volk_32f_x2_s32f_interleave_16ic,a_avx2,immutable,ok,
volk_32f_x2_s32f_interleave_16ic,a_sse,immutable,ok,
volk_32f_x2_s32f_interleave_16ic,a_sse2,immutable,ok,
volk_32f_x2_s32f_interleave_16ic,generic,immutable,ok,
volk_32f_x2_s32f_interleave_16ic,u_avx2,immutable,ok,
volk_32f_x2_s32f_interleave_16ic,a_avx2,impl,ok,
volk_32f_x2_s32f_interleave_16ic,a_sse,impl,ok,
volk_32f_x2_s32f_interleave_16ic,a_sse2,impl,ok,
volk_32f_x2_s32f_interleave_16ic,generic,impl,ok,
volk_32f_x2_s32f_interleave_16ic,u_avx2,impl,ok,
volk_32f_x2_s32f_interleave_16ic,generic,misaligned,ok,
volk_32f_x2_s32f_interleave_16ic,u_avx2,misaligned,ok,
volk_32f_x2_subtract_32f,a_avx,canary,ok,
volk_32f_x2_subtract_32f,a_avx512f,canary,ok,
volk_32f_x2_subtract_32f,a_sse,canary,ok,
volk_32f_x2_subtract_32f,generic,canary,ok,
volk_32f_x2_subtract_32f,u_avx,canary,ok,
volk_32f_x2_subtract_32f,u_avx512f,canary,ok,
volk_32f_x2_subtract_32f,u_orc,canary,ok,
volk_32f_x2_subtract_32f,a_avx,immutable,ok,
volk_32f_x2_subtract_32f,a_avx512f,immutable,ok,
volk_32f_x2_subtract_32f,a_sse,immutable,ok,
volk_32f_x2_subtract_32f,generic,immutable,ok,
volk_32f_x2_subtract_32f,u_avx,immutable,ok,
volk_32f_x2_subtract_32f,u_avx512f,immutable,ok,
volk_32f_x2_subtract_32f,u_orc,immutable,ok,
volk_32f_x2_subtract_32f,a_avx,impl,ok,
volk_32f_x2_subtract_32f,a_avx512f,impl,ok,
volk_32f_x2_subtract_32f,a_sse,impl,ok,
volk_32f_x2_subtract_32f,generic,impl,ok,
volk_32f_x2_subtract_32f,u_avx,impl,ok,
volk_32f_x2_subtract_32f,u_avx512f,impl,ok,
volk_32f_x2_subtract_32f,u_orc,impl,ok,
volk_32f_x2_subtract_32f,generic,misaligned,ok,
volk_32f_x2_subtract_32f,u_avx,misaligned,ok,
volk_32f_x2_subtract_32f,u_avx512f,misaligned,ok,
volk_32f_x2_subtract_32f,u_orc,misaligned,ok,
volk_32f_x3_sum_of_poly_32f,a_avx,canary,partial,2 3 4 5 6 7 8 9 10 11 12 13 14 15 16 17 18 19 20 21 22 23 24 25 26 27 28 29 30 31 32 33 34 35 36 37 38 39 40 131071 1000003 
volk_32f_x3_sum_of_poly_32f,a_avx2_fma,canary,partial,2 3 4 5 6 7 8 9 10 11 12 13 14 15 16 17 18 19 20 21 22 23 24 25 26 27 28 29 30 31 32 33 34 35 36 37 38 39 40 131071 1000003 
volk_32f_x3_sum_of_poly_32f,a_sse3,canary,partial,2 3 4 5 6 7 8 9 10 11 12 13 14 15 16 17 18 19 20 21 22 23 24 25 26 27 28 29 30 31 32 33 34 35 36 37 38 39 40 131071 1000003 
volk_32f_x3_sum_of_poly_32f,generic,canary,partial,2 3 4 5 6 7 8 9 10 11 12 13 14 15 16 17 18 19 20 21 22 23 24 25 26 27 28 29 30 31 32 33 34 35 36 37 38 39 40 131071 1000003 
volk_32f_x3_sum_of_poly_32f,u_avx,canary,partial,2 3 4 5 6 7 8 9 10 11 12 13 14 15 16 17 18 19 20 21 22 23 24 25 26 27 28 29 30 31 32 33 34 35 36 37 38 39 40 131071 1000003 
volk_32f_x3_sum_of_poly_32f,u_avx_fma,canary,partial,2 3 4 5 6 7 8 9 10 11 12 13 14 15 16 17 18 19 20 21 22 23 24 25 26 27 28 29 30 31 32 33 34 35 36 37 38 39 40 131071 1000003 
volk_32f_x3_sum_of_poly_32f,a_avx,immutable,ok,
volk_32f_x3_sum_of_poly_32f,a_avx2_fma,immutable,ok,
volk_32f_x3_sum_of_poly_32f,a_sse3,immutable,ok,
volk_32f_x3_sum_of_poly_32f,generic,immutable,ok,
volk_32f_x3_sum_of_poly_32f,u_avx,immutable,ok,
volk_32f_x3_sum_of_poly_32f,u_avx_fma,immutable,ok,
volk_32f_x3_sum_of_poly_32f,a_avx,impl,ok,
volk_32f_x3_sum_of_poly_32f,a_avx2_fma,impl,ok,
volk_32f_x3_sum_of_poly_32f,a_sse3,impl,ok,
volk_32f_x3_sum_of_poly_32f,generic,impl,ok,
volk_32f_x3_sum_of_poly_32f,u_avx,impl,ok,
volk_32f_x3_sum_of_poly_32f,u_avx_fma,impl,ok,
volk_32f_x3_sum_of_poly_32f,generic,misaligned,ok,
volk_32f_x3_sum_of_poly_32f,u_avx,misaligned,ok,
volk_32f_x3_sum_of_poly_32f,u_avx_fma,misaligned,ok,
volk_32fc_32f_add_32fc,a_avx,canary,ok,
volk_32fc_32f_add_32fc,generic,canary,ok,
volk_32fc_32f_add_32fc,u_avx,canary,ok,
volk_32fc_32f_add_32fc,a_avx,immutable,ok,
volk_32fc_32f_add_32fc,generic,immutable,ok,
volk_32fc_32f_add_32fc,u_avx,immutable,ok,
volk_32fc_32f_add_32fc,a_avx,impl,ok,
volk_32fc_32f_add_32fc,generic,impl,ok,
volk_32fc_32f_add_32fc,u_avx,impl,ok,
volk_32fc_32f_add_32fc,generic,misaligned,ok,
volk_32fc_32f_add_32fc,u_avx,misaligned,ok,
volk_32fc_32f_dot_prod_32fc,a_avx,canary,partial,2 3 4 5 6 7 8 9 10 11 12 13 14 15 16 17 18 19 20 21 22 23 24 25 26 27 28 29 30 31 32 33 34 35 36 37 38 39 40 131071 1000003 
volk_32fc_32f_dot_prod_32fc,a_avx2_fma,canary,partial,2 3 4 5 6 7 8 9 10 11 12 13 14 15 16 17 18 19 20 21 22 23 24 25 26 27 28 29 30 31 32 33 34 35 36 37 38 39 40 131071 1000003 
volk_32fc_32f_dot_prod_32fc,a_avx512f,canary,partial,2 3 4 5 6 7 8 9 10 11 12 13 14 15 16 17 18 19 20 21 22 23 24 25 26 27 28 29 30 31 32 33 34 35 36 37 38 39 40 131071 1000003 
volk_32fc_32f_dot_prod_32fc,a_sse,canary,partial,2 3 4 5 6 7 8 9 10 11 12 13 14 15 16 17 18 19 20 21 22 23 24 25 26 27 28 29 30 31 32 33 34 35 36 37 38 39 40 131071 1000003 
volk_32fc_32f_dot_prod_32fc,generic,canary,partial,2 3 4 5 6 7 8 9 10 11 12 13 14 15 16 17 18 19 20 21 22 23 24 25 26 27 28 29 30 31 32 33 34 35 36 37 38 39 40 131071 1000003 
volk_32fc_32f_dot_prod_32fc,u_avx,canary,partial,2 3 4 5 6 7 8 9 10 11 12 13 14 15 16 17 18 19 20 21 22 23 24 25 26 27 28 29 30 31 32 33 34 35 36 37 38 39 40 131071 1000003 
volk_32fc_32f_dot_prod_32fc,u_avx2_fma,canary,partial,2 3 4 5 6 7 8 9 10 11 12 13 14 15 16 17 18 19 20 21 22 23 24 25 26 27 28 29 30 31 32 33 34 35 36 37 38 39 40 131071 1000003 
volk_32fc_32f_dot_prod_32fc,u_avx512f,canary,partial,2 3 4 5 6 7 8 9 10 11 12 13 14 15 16 17 18 19 20 21 22 23 24 25 26 27 28 29 30 31 32 33 34 35 36 37 38 39 40 131071 1000003 
volk_32fc_32f_dot_prod_32fc,u_sse,canary,partial,2 3 4 5 6 7 8 9 10 11 12 13 14 15 16 17 18 19 20 21 22 23 24 25 26 27 28 29 30 31 32 33 34 35 36 37 38 39 40 131071 1000003 
volk_32fc_32f_dot_prod_32fc,a_avx,immutable,ok,
volk_32fc_32f_dot_prod_32fc,a_avx2_fma,immutable,ok,
volk_32fc_32f_dot_prod_32fc,a_avx512f,immutable,ok,
volk_32fc_32f_dot_prod_32fc,a_sse,immutable,ok,
volk_32fc_32f_dot_prod_32fc,generic,immutable,ok,
volk_32fc_32f_dot_prod_32fc,u_avx,immutable,ok,
volk_32fc_32f_dot_prod_32fc,u_avx2_fma,immutable,ok,
volk_32fc_32f_dot_prod_32fc,u_avx512f,immutable,ok,
volk_32fc_32f_dot_prod_32fc,u_sse,immutable,ok,
volk_32fc_32f_dot_prod_32fc,a_avx,impl,FAIL,131071 1000003 
volk_32fc_32f_dot_prod_32fc,a_avx2_fma,impl,FAIL,131071 1000003 
volk_32fc_32f_dot_prod_32fc,a_avx512f,impl,FAIL,131071 1000003 
volk_32fc_32f_dot_prod_32fc,a_sse,impl,FAIL,131071 1000003 
volk_32fc_32f_dot_prod_32fc,generic,impl,ok,
volk_32fc_32f_dot_prod_32fc,u_avx,impl,FAIL,131071 1000003 
volk_32fc_32f_dot_prod_32fc,u_avx2_fma,impl,FAIL,131071 1000003 
volk_32fc_32f_dot_prod_32fc,u_avx512f,impl,FAIL,131071 1000003 
volk_32fc_32f_dot_prod_32fc,u_sse,impl,FAIL,131071 1000003 
volk_32fc_32f_dot_prod_32fc,generic,misaligned,ok,
volk_32fc_32f_dot_prod_32fc,u_avx,misaligned,ok,
volk_32fc_32f_dot_prod_32fc,u_avx2_fma,misaligned,ok,
volk_32fc_32f_dot_prod_32fc,u_avx512f,misaligned,ok,
volk_32fc_32f_dot_prod_32fc,u_sse,misaligned,ok,
volk_32fc_32f_multiply_32fc,a_avx,canary,ok,
volk_32fc_32f_multiply_32fc,a_sse,canary,ok,
volk_32fc_32f_multiply_32fc,generic,canary,ok,
volk_32fc_32f_multiply_32fc,u_orc,canary,ok,
volk_32fc_32f_multiply_32fc,a_avx,immutable,ok,
volk_32fc_32f_multiply_32fc,a_sse,immutable,ok,
volk_32fc_32f_multiply_32fc,generic,immutable,ok,
volk_32fc_32f_multiply_32fc,u_orc,immutable,ok,
volk_32fc_32f_multiply_32fc,a_avx,impl,ok,
volk_32fc_32f_multiply_32fc,a_sse,impl,ok,
volk_32fc_32f_multiply_32fc,generic,impl,ok,
volk_32fc_32f_multiply_32fc,u_orc,impl,ok,
volk_32fc_32f_multiply_32fc,generic,misaligned,ok,
volk_32fc_32f_multiply_32fc,u_orc,misaligned,ok,
volk_32fc_accumulator_s32fc,a_avx,canary,partial,2 3 4 5 6 7 8 9 10 11 12 13 14 15 16 17 18 19 20 21 22 23 24 25 26 27 28 29 30 31 32 33 34 35 36 37 38 39 40 131071 1000003 
volk_32fc_accumulator_s32fc,a_avx512f,canary,partial,2 3 4 5 6 7 8 9 10 11 12 13 14 15 16 17 18 19 20 21 22 23 24 25 26 27 28 29 30 31 32 33 34 35 36 37 38 39 40 131071 1000003 
volk_32fc_accumulator_s32fc,a_sse,canary,partial,2 3 4 5 6 7 8 9 10 11 12 13 14 15 16 17 18 19 20 21 22 23 24 25 26 27 28 29 30 31 32 33 34 35 36 37 38 39 40 131071 1000003 
volk_32fc_accumulator_s32fc,generic,canary,partial,2 3 4 5 6 7 8 9 10 11 12 13 14 15 16 17 18 19 20 21 22 23 24 25 26 27 28 29 30 31 32 33 34 35 36 37 38 39 40 131071 1000003 
volk_32fc_accumulator_s32fc,u_avx,canary,partial,2 3 4 5 6 7 8 9 10 11 12 13 14 15 16 17 18 19 20 21 22 23 24 25 26 27 28 29 30 31 32 33 34 35 36 37 38 39 40 131071 1000003 
volk_32fc_accumulator_s32fc,u_avx512f,canary,partial,2 3 4 5 6 7 8 9 10 11 12 13 14 15 16 17 18 19 20 21 22 23 24 25 26 27 28 29 30 31 32 33 34 35 36 37 38 39 40 131071 1000003 
volk_32fc_accumulator_s32fc,u_sse,canary,partial,2 3 4 5 6 7 8 9 10 11 12 13 14 15 16 17 18 19 20 21 22 23 24 25 26 27 28 29 30 31 32 33 34 35 36 37 38 39 40 131071 1000003 
volk_32fc_accumulator_s32fc,a_avx,immutable,ok,
volk_32fc_accumulator_s32fc,a_avx512f,immutable,ok,
volk_32fc_accumulator_s32fc,a_sse,immutable,ok,
volk_32fc_accumulator_s32fc,generic,immutable,ok,
volk_32fc_accumulator_s32fc,u_avx,immutable,ok,
volk_32fc_accumulator_s32fc,u_avx512f,immutable,ok,
volk_32fc_accumulator_s32fc,u_sse,immutable,ok,
volk_32fc_accumulator_s32fc,a_avx,impl,FAIL,25 40 131071 1000003 
volk_32fc_accumulator_s32fc,a_avx512f,impl,FAIL,20 25 40 131071 1000003 
volk_32fc_accumulator_s32fc,a_sse,impl,FAIL,20 22 131071 1000003 
volk_32fc_accumulator_s32fc,generic,impl,ok,
volk_32fc_accumulator_s32fc,u_avx,impl,FAIL,25 40 131071 1000003 
volk_32fc_accumulator_s32fc,u_avx512f,impl,FAIL,20 25 40 131071 1000003 
volk_32fc_accumulator_s32fc,u_sse,impl,FAIL,20 22 131071 1000003 
volk_32fc_accumulator_s32fc,generic,misaligned,ok,
volk_32fc_accumulator_s32fc,u_avx,misaligned,ok,
volk_32fc_accumulator_s32fc,u_avx512f,misaligned,ok,
volk_32fc_accumulator_s32fc,u_sse,misaligned,ok,
volk_32fc_conjugate_32fc,a_avx,canary,ok,
volk_32fc_conjugate_32fc,a_sse3,canary,ok,
volk_32fc_conjugate_32fc,generic,canary,ok,
volk_32fc_conjugate_32fc,u_avx,canary,ok,
volk_32fc_conjugate_32fc,u_sse3,canary,ok,
volk_32fc_conjugate_32fc,a_avx,immutable,ok,
volk_32fc_conjugate_32fc,a_sse3,immutable,ok,
volk_32fc_conjugate_32fc,generic,immutable,ok,
volk_32fc_conjugate_32fc,u_avx,immutable,ok,
volk_32fc_conjugate_32fc,u_sse3,immutable,ok,
volk_32fc_conjugate_32fc,a_avx,impl,ok,
volk_32fc_conjugate_32fc,a_sse3,impl,ok,
volk_32fc_conjugate_32fc,generic,impl,ok,
volk_32fc_conjugate_32fc,u_avx,impl,ok,
volk_32fc_conjugate_32fc,u_sse3,impl,ok,
volk_32fc_conjugate_32fc,generic,misaligned,ok,
volk_32fc_conjugate_32fc,u_avx,misaligned,ok,
volk_32fc_conjugate_32fc,u_sse3,misaligned,ok,
volk_32fc_convert_16ic,a_avx2,canary,ok,
volk_32fc_convert_16ic,a_avx512,canary,ok,
volk_32fc_convert_16ic,a_sse2,canary,ok,
volk_32fc_convert_16ic,generic,canary,ok,
volk_32fc_convert_16ic,u_avx2,canary,ok,
volk_32fc_convert_16ic,u_avx512,canary,ok,
volk_32fc_convert_16ic,u_sse2,canary,ok,
volk_32fc_convert_16ic,a_avx2,immutable,ok,
volk_32fc_convert_16ic,a_avx512,immutable,ok,
volk_32fc_convert_16ic,a_sse2,immutable,ok,
volk_32fc_convert_16ic,generic,immutable,ok,
volk_32fc_convert_16ic,u_avx2,immutable,ok,
volk_32fc_convert_16ic,u_avx512,immutable,ok,
volk_32fc_convert_16ic,u_sse2,immutable,ok,
volk_32fc_convert_16ic,a_avx2,impl,ok,
volk_32fc_convert_16ic,a_avx512,impl,ok,
volk_32fc_convert_16ic,a_sse2,impl,ok,
volk_32fc_convert_16ic,generic,impl,ok,
volk_32fc_convert_16ic,u_avx2,impl,ok,
volk_32fc_convert_16ic,u_avx512,impl,ok,
volk_32fc_convert_16ic,u_sse2,impl,ok,
volk_32fc_convert_16ic,generic,misaligned,ok,
volk_32fc_convert_16ic,u_avx2,misaligned,ok,
volk_32fc_convert_16ic,u_avx512,misaligned,ok,
volk_32fc_convert_16ic,u_sse2,misaligned,ok,
volk_32fc_deinterleave_32f_x2,a_avx,canary,ok,
volk_32fc_deinterleave_32f_x2,a_avx512f,canary,ok,
volk_32fc_deinterleave_32f_x2,a_sse,canary,ok,
volk_32fc_deinterleave_32f_x2,generic,canary,ok,
volk_32fc_deinterleave_32f_x2,u_avx,canary,ok,
volk_32fc_deinterleave_32f_x2,u_avx512f,canary,ok,
volk_32fc_deinterleave_32f_x2,a_avx,immutable,ok,
volk_32fc_deinterleave_32f_x2,a_avx512f,immutable,ok,
volk_32fc_deinterleave_32f_x2,a_sse,immutable,ok,
volk_32fc_deinterleave_32f_x2,generic,immutable,ok,
volk_32fc_deinterleave_32f_x2,u_avx,immutable,ok,
volk_32fc_deinterleave_32f_x2,u_avx512f,immutable,ok,
volk_32fc_deinterleave_32f_x2,a_avx,impl,ok,
volk_32fc_deinterleave_32f_x2,a_avx512f,impl,ok,
volk_32fc_deinterleave_32f_x2,a_sse,impl,ok,
volk_32fc_deinterleave_32f_x2,generic,impl,ok,
volk_32fc_deinterleave_32f_x2,u_avx,impl,ok,
volk_32fc_deinterleave_32f_x2,u_avx512f,impl,ok,
volk_32fc_deinterleave_32f_x2,generic,misaligned,ok,
volk_32fc_deinterleave_32f_x2,u_avx,misaligned,ok,
volk_32fc_deinterleave_32f_x2,u_avx512f,misaligned,ok,
volk_32fc_deinterleave_64f_x2,a_avx,canary,ok,
volk_32fc_deinterleave_64f_x2,a_sse2,canary,ok,
volk_32fc_deinterleave_64f_x2,generic,canary,ok,
volk_32fc_deinterleave_64f_x2,u_avx,canary,ok,
volk_32fc_deinterleave_64f_x2,u_sse2,canary,ok,
volk_32fc_deinterleave_64f_x2,a_avx,immutable,ok,
volk_32fc_deinterleave_64f_x2,a_sse2,immutable,ok,
volk_32fc_deinterleave_64f_x2,generic,immutable,ok,
volk_32fc_deinterleave_64f_x2,u_avx,immutable,ok,
volk_32fc_deinterleave_64f_x2,u_sse2,immutable,ok,
volk_32fc_deinterleave_64f_x2,a_avx,impl,ok,
volk_32fc_deinterleave_64f_x2,a_sse2,impl,ok,
volk_32fc_deinterleave_64f_x2,generic,impl,ok,
volk_32fc_deinterleave_64f_x2,u_avx,impl,ok,
volk_32fc_deinterleave_64f_x2,u_sse2,impl,ok,
volk_32fc_deinterleave_64f_x2,generic,misaligned,ok,
volk_32fc_deinterleave_64f_x2,u_avx,misaligned,ok,
volk_32fc_deinterleave_64f_x2,u_sse2,misaligned,ok,
volk_32fc_deinterleave_imag_32f,a_avx,canary,ok,
volk_32fc_deinterleave_imag_32f,a_sse,canary,ok,
volk_32fc_deinterleave_imag_32f,generic,canary,ok,
volk_32fc_deinterleave_imag_32f,u_avx,canary,ok,
volk_32fc_deinterleave_imag_32f,a_avx,immutable,ok,
volk_32fc_deinterleave_imag_32f,a_sse,immutable,ok,
volk_32fc_deinterleave_imag_32f,generic,immutable,ok,
volk_32fc_deinterleave_imag_32f,u_avx,immutable,ok,
volk_32fc_deinterleave_imag_32f,a_avx,impl,ok,
volk_32fc_deinterleave_imag_32f,a_sse,impl,ok,
volk_32fc_deinterleave_imag_32f,generic,impl,ok,
volk_32fc_deinterleave_imag_32f,u_avx,impl,ok,
volk_32fc_deinterleave_imag_32f,generic,misaligned,ok,
volk_32fc_deinterleave_imag_32f,u_avx,misaligned,ok,
volk_32fc_deinterleave_real_32f,a_avx2,canary,ok,
volk_32fc_deinterleave_real_32f,a_sse,canary,ok,
volk_32fc_deinterleave_real_32f,generic,canary,ok,
volk_32fc_deinterleave_real_32f,u_avx2,canary,ok,
volk_32fc_deinterleave_real_32f,a_avx2,immutable,ok,
volk_32fc_deinterleave_real_32f,a_sse,immutable,ok,
volk_32fc_deinterleave_real_32f,generic,immutable,ok,
volk_32fc_deinterleave_real_32f,u_avx2,immutable,ok,
volk_32fc_deinterleave_real_32f,a_avx2,impl,ok,
volk_32fc_deinterleave_real_32f,a_sse,impl,ok,
volk_32fc_deinterleave_real_32f,generic,impl,ok,
volk_32fc_deinterleave_real_32f,u_avx2,impl,ok,
volk_32fc_deinterleave_real_32f,generic,misaligned,ok,
volk_32fc_deinterleave_real_32f,u_avx2,misaligned,ok,
volk_32fc_deinterleave_real_64f,a_avx2,canary,ok,
volk_32fc_deinterleave_real_64f,a_sse2,canary,ok,
volk_32fc_deinterleave_real_64f,generic,canary,ok,
volk_32fc_deinterleave_real_64f,u_avx2,canary,ok,
volk_32fc_deinterleave_real_64f,a_avx2,immutable,ok,
volk_32fc_deinterleave_real_64f,a_sse2,immutable,ok,
volk_32fc_deinterleave_real_64f,generic,immutable,ok,
volk_32fc_deinterleave_real_64f,u_avx2,immutable,ok,
volk_32fc_deinterleave_real_64f,a_avx2,impl,ok,
volk_32fc_deinterleave_real_64f,a_sse2,impl,ok,
volk_32fc_deinterleave_real_64f,generic,impl,ok,
volk_32fc_deinterleave_real_64f,u_avx2,impl,ok,
volk_32fc_deinterleave_real_64f,generic,misaligned,ok,
volk_32fc_deinterleave_real_64f,u_avx2,misaligned,ok,
volk_32fc_index_max_16u,a_avx2_variant_0,canary,partial,2 3 4 5 6 7 8 9 10 11 12 13 14 15 16 17 18 19 20 21 22 23 24 25 26 27 28 29 30 31 32 33 34 35 36 37 38 39 40 131071 1000003 
volk_32fc_index_max_16u,a_avx2_variant_1,canary,partial,2 3 4 5 6 7 8 9 10 11 12 13 14 15 16 17 18 19 20 21 22 23 24 25 26 27 28 29 30 31 32 33 34 35 36 37 38 39 40 131071 1000003 
volk_32fc_index_max_16u,a_avx512f,canary,partial,2 3 4 5 6 7 8 9 10 11 12 13 14 15 16 17 18 19 20 21 22 23 24 25 26 27 28 29 30 31 32 33 34 35 36 37 38 39 40 131071 1000003 
volk_32fc_index_max_16u,a_sse3,canary,partial,2 3 4 5 6 7 8 9 10 11 12 13 14 15 16 17 18 19 20 21 22 23 24 25 26 27 28 29 30 31 32 33 34 35 36 37 38 39 40 131071 1000003 
volk_32fc_index_max_16u,generic,canary,partial,2 3 4 5 6 7 8 9 10 11 12 13 14 15 16 17 18 19 20 21 22 23 24 25 26 27 28 29 30 31 32 33 34 35 36 37 38 39 40 131071 1000003 
volk_32fc_index_max_16u,u_avx2_variant_0,canary,partial,2 3 4 5 6 7 8 9 10 11 12 13 14 15 16 17 18 19 20 21 22 23 24 25 26 27 28 29 30 31 32 33 34 35 36 37 38 39 40 131071 1000003 
volk_32fc_index_max_16u,u_avx2_variant_1,canary,partial,2 3 4 5 6 7 8 9 10 11 12 13 14 15 16 17 18 19 20 21 22 23 24 25 26 27 28 29 30 31 32 33 34 35 36 37 38 39 40 131071 1000003 
volk_32fc_index_max_16u,u_avx512f,canary,partial,2 3 4 5 6 7 8 9 10 11 12 13 14 15 16 17 18 19 20 21 22 23 24 25 26 27 28 29 30 31 32 33 34 35 36 37 38 39 40 131071 1000003 
volk_32fc_index_max_16u,a_avx2_variant_0,immutable,ok,
volk_32fc_index_max_16u,a_avx2_variant_1,immutable,ok,
volk_32fc_index_max_16u,a_avx512f,immutable,ok,
volk_32fc_index_max_16u,a_sse3,immutable,ok,
volk_32fc_index_max_16u,generic,immutable,ok,
volk_32fc_index_max_16u,u_avx2_variant_0,immutable,ok,
volk_32fc_index_max_16u,u_avx2_variant_1,immutable,ok,
volk_32fc_index_max_16u,u_avx512f,immutable,ok,
volk_32fc_index_max_16u,a_avx2_variant_0,impl,ok,
volk_32fc_index_max_16u,a_avx2_variant_1,impl,ok,
volk_32fc_index_max_16u,a_avx512f,impl,ok,
volk_32fc_index_max_16u,a_sse3,impl,FAIL,3 
volk_32fc_index_max_16u,generic,impl,ok,
volk_32fc_index_max_16u,u_avx2_variant_0,impl,ok,
volk_32fc_index_max_16u,u_avx2_variant_1,impl,ok,
volk_32fc_index_max_16u,u_avx512f,impl,ok,
volk_32fc_index_max_16u,generic,misaligned,ok,
volk_32fc_index_max_16u,u_avx2_variant_0,misaligned,ok,
volk_32fc_index_max_16u,u_avx2_variant_1,misaligned,ok,
volk_32fc_index_max_16u,u_avx512f,misaligned,ok,
volk_32fc_index_max_32u,a_avx2_variant_0,canary,partial,2 3 4 5 6 7 8 9 10 11 12 13 14 15 16 17 18 19 20 21 22 23 24 25 26 27 28 29 30 31 32 33 34 35 36 37 38 39 40 131071 1000003 
volk_32fc_index_max_32u,a_avx2_variant_1,canary,partial,2 3 4 5 6 7 8 9 10 11 12 13 14 15 16 17 18 19 20 21 22 23 24 25 26 27 28 29 30 31 32 33 34 35 36 37 38 39 40 131071 1000003 
volk_32fc_index_max_32u,a_avx512f,canary,partial,2 3 4 5 6 7 8 9 10 11 12 13 14 15 16 17 18 19 20 21 22 23 24 25 26 27 28 29 30 31 32 33 34 35 36 37 38 39 40 131071 1000003 
volk_32fc_index_max_32u,a_sse3,canary,partial,2 3 4 5 6 7 8 9 10 11 12 13 14 15 16 17 18 19 20 21 22 23 24 25 26 27 28 29 30 31 32 33 34 35 36 37 38 39 40 131071 1000003 
volk_32fc_index_max_32u,generic,canary,partial,2 3 4 5 6 7 8 9 10 11 12 13 14 15 16 17 18 19 20 21 22 23 24 25 26 27 28 29 30 31 32 33 34 35 36 37 38 39 40 131071 1000003 
volk_32fc_index_max_32u,u_avx2_variant_0,canary,partial,2 3 4 5 6 7 8 9 10 11 12 13 14 15 16 17 18 19 20 21 22 23 24 25 26 27 28 29 30 31 32 33 34 35 36 37 38 39 40 131071 1000003 
volk_32fc_index_max_32u,u_avx2_variant_1,canary,partial,2 3 4 5 6 7 8 9 10 11 12 13 14 15 16 17 18 19 20 21 22 23 24 25 26 27 28 29 30 31 32 33 34 35 36 37 38 39 40 131071 1000003 
volk_32fc_index_max_32u,u_avx512f,canary,partial,2 3 4 5 6 7 8 9 10 11 12 13 14 15 16 17 18 19 20 21 22 23 24 25 26 27 28 29 30 31 32 33 34 35 36 37 38 39 40 131071 1000003 
volk_32fc_index_max_32u,a_avx2_variant_0,immutable,ok,
volk_32fc_index_max_32u,a_avx2_variant_1,immutable,ok,
volk_32fc_index_max_32u,a_avx512f,immutable,ok,
volk_32fc_index_max_32u,a_sse3,immutable,ok,
volk_32fc_index_max_32u,generic,immutable,ok,
volk_32fc_index_max_32u,u_avx2_variant_0,immutable,ok,
volk_32fc_index_max_32u,u_avx2_variant_1,immutable,ok,
volk_32fc_index_max_32u,u_avx512f,immutable,ok,
volk_32fc_index_max_32u,a_avx2_variant_0,impl,ok,
volk_32fc_index_max_32u,a_avx2_variant_1,impl,ok,
volk_32fc_index_max_32u,a_avx512f,impl,ok,
volk_32fc_index_max_32u,a_sse3,impl,FAIL,3 
volk_32fc_index_max_32u,generic,impl,ok,
volk_32fc_index_max_32u,u_avx2_variant_0,impl,ok,
volk_32fc_index_max_32u,u_avx2_variant_1,impl,ok,
volk_32fc_index_max_32u,u_avx512f,impl,ok,
volk_32fc_index_max_32u,generic,misaligned,ok,
volk_32fc_index_max_32u,u_avx2_variant_0,misaligned,ok,
volk_32fc_index_max_32u,u_avx2_variant_1,misaligned,ok,
volk_32fc_index_max_32u,u_avx512f,misaligned,ok,
volk_32fc_index_min_16u,a_avx2_variant_0,canary,partial,2 3 4 5 6 7 8 9 10 11 12 13 14 15 16 17 18 19 20 21 22 23 24 25 26 27 28 29 30 31 32 33 34 35 36 37 38 39 40 131071 1000003 
volk_32fc_index_min_16u,a_avx2_variant_1,canary,partial,2 3 4 5 6 7 8 9 10 11 12 13 14 15 16 17 18 19 20 21 22 23 24 25 26 27 28 29 30 31 32 33 34 35 36 37 38 39 40 131071 1000003 
volk_32fc_index_min_16u,a_avx512f,canary,partial,2 3 4 5 6 7 8 9 10 11 12 13 14 15 16 17 18 19 20 21 22 23 24 25 26 27 28 29 30 31 32 33 34 35 36 37 38 39 40 131071 1000003 
volk_32fc_index_min_16u,a_sse3,canary,partial,2 3 4 5 6 7 8 9 10 11 12 13 14 15 16 17 18 19 20 21 22 23 24 25 26 27 28 29 30 31 32 33 34 35 36 37 38 39 40 131071 1000003 
volk_32fc_index_min_16u,generic,canary,partial,2 3 4 5 6 7 8 9 10 11 12 13 14 15 16 17 18 19 20 21 22 23 24 25 26 27 28 29 30 31 32 33 34 35 36 37 38 39 40 131071 1000003 
volk_32fc_index_min_16u,u_avx2_variant_0,canary,partial,2 3 4 5 6 7 8 9 10 11 12 13 14 15 16 17 18 19 20 21 22 23 24 25 26 27 28 29 30 31 32 33 34 35 36 37 38 39 40 131071 1000003 
volk_32fc_index_min_16u,u_avx2_variant_1,canary,partial,2 3 4 5 6 7 8 9 10 11 12 13 14 15 16 17 18 19 20 21 22 23 24 25 26 27 28 29 30 31 32 33 34 35 36 37 38 39 40 131071 1000003 
volk_32fc_index_min_16u,u_avx512f,canary,partial,2 3 4 5 6 7 8 9 10 11 12 13 14 15 16 17 18 19 20 21 22 23 24 25 26 27 28 29 30 31 32 33 34 35 36 37 38 39 40 131071 1000003 
volk_32fc_index_min_16u,a_avx2_variant_0,immutable,ok,
volk_32fc_index_min_16u,a_avx2_variant_1,immutable,ok,
volk_32fc_index_min_16u,a_avx512f,immutable,ok,
volk_32fc_index_min_16u,a_sse3,immutable,ok,
volk_32fc_index_min_16u,generic,immutable,ok,
volk_32fc_index_min_16u,u_avx2_variant_0,immutable,ok,
volk_32fc_index_min_16u,u_avx2_variant_1,immutable,ok,
volk_32fc_index_min_16u,u_avx512f,immutable,ok,
volk_32fc_index_min_16u,a_avx2_variant_0,impl,ok,
volk_32fc_index_min_16u,a_avx2_variant_1,impl,ok,
volk_32fc_index_min_16u,a_avx512f,impl,ok,
volk_32fc_index_min_16u,a_sse3,impl,ok,
volk_32fc_index_min_16u,generic,impl,ok,
volk_32fc_index_min_16u,u_avx2_variant_0,impl,ok,
volk_32fc_index_min_16u,u_avx2_variant_1,impl,ok,
volk_32fc_index_min_16u,u_avx512f,impl,ok,
volk_32fc_index_min_16u,generic,misaligned,ok,
volk_32fc_index_min_16u,u_avx2_variant_0,misaligned,ok,
volk_32fc_index_min_16u,u_avx2_variant_1,misaligned,ok,
volk_32fc_index_min_16u,u_avx512f,misaligned,ok,
volk_32fc_index_min_32u,a_avx2_variant_0,canary,partial,2 3 4 5 6 7 8 9 10 11 12 13 14 15 16 17 18 19 20 21 22 23 24 25 26 27 28 29 30 31 32 33 34 35 36 37 38 39 40 131071 1000003 
volk_32fc_index_min_32u,a_avx2_variant_1,canary,partial,2 3 4 5 6 7 8 9 10 11 12 13 14 15 16 17 18 19 20 21 22 23 24 25 26 27 28 29 30 31 32 33 34 35 36 37 38 39 40 131071 1000003 
volk_32fc_index_min_32u,a_avx512f,canary,partial,2 3 4 5 6 7 8 9 10 11 12 13 14 15 16 17 18 19 20 21 22 23 24 25 26 27 28 29 30 31 32 33 34 35 36 37 38 39 40 131071 1000003 
volk_32fc_index_min_32u,a_sse3,canary,partial,2 3 4 5 6 7 8 9 10 11 12 13 14 15 16 17 18 19 20 21 22 23 24 25 26 27 28 29 30 31 32 33 34 35 36 37 38 39 40 131071 1000003 
volk_32fc_index_min_32u,generic,canary,partial,2 3 4 5 6 7 8 9 10 11 12 13 14 15 16 17 18 19 20 21 22 23 24 25 26 27 28 29 30 31 32 33 34 35 36 37 38 39 40 131071 1000003 
volk_32fc_index_min_32u,u_avx2_variant_0,canary,partial,2 3 4 5 6 7 8 9 10 11 12 13 14 15 16 17 18 19 20 21 22 23 24 25 26 27 28 29 30 31 32 33 34 35 36 37 38 39 40 131071 1000003 
volk_32fc_index_min_32u,u_avx2_variant_1,canary,partial,2 3 4 5 6 7 8 9 10 11 12 13 14 15 16 17 18 19 20 21 22 23 24 25 26 27 28 29 30 31 32 33 34 35 36 37 38 39 40 131071 1000003 
volk_32fc_index_min_32u,u_avx512f,canary,partial,2 3 4 5 6 7 8 9 10 11 12 13 14 15 16 17 18 19 20 21 22 23 24 25 26 27 28 29 30 31 32 33 34 35 36 37 38 39 40 131071 1000003 
volk_32fc_index_min_32u,a_avx2_variant_0,immutable,ok,
volk_32fc_index_min_32u,a_avx2_variant_1,immutable,ok,
volk_32fc_index_min_32u,a_avx512f,immutable,ok,
volk_32fc_index_min_32u,a_sse3,immutable,ok,
volk_32fc_index_min_32u,generic,immutable,ok,
volk_32fc_index_min_32u,u_avx2_variant_0,immutable,ok,
volk_32fc_index_min_32u,u_avx2_variant_1,immutable,ok,
volk_32fc_index_min_32u,u_avx512f,immutable,ok,
volk_32fc_index_min_32u,a_avx2_variant_0,impl,ok,
volk_32fc_index_min_32u,a_avx2_variant_1,impl,ok,
volk_32fc_index_min_32u,a_avx512f,impl,ok,
volk_32fc_index_min_32u,a_sse3,impl,ok,
volk_32fc_index_min_32u,generic,impl,ok,
volk_32fc_index_min_32u,u_avx2_variant_0,impl,ok,
volk_32fc_index_min_32u,u_avx2_variant_1,impl,ok,
volk_32fc_index_min_32u,u_avx512f,impl,ok,
volk_32fc_index_min_32u,generic,misaligned,ok,
volk_32fc_index_min_32u,u_avx2_variant_0,misaligned,ok,
volk_32fc_index_min_32u,u_avx2_variant_1,misaligned,ok,
volk_32fc_index_min_32u,u_avx512f,misaligned,ok,
volk_32fc_magnitude_32f,a_avx,canary,ok,
volk_32fc_magnitude_32f,a_avx512f,canary,ok,
volk_32fc_magnitude_32f,a_sse,canary,ok,
volk_32fc_magnitude_32f,a_sse3,canary,ok,
volk_32fc_magnitude_32f,generic,canary,ok,
volk_32fc_magnitude_32f,u_avx,canary,ok,
volk_32fc_magnitude_32f,u_avx512f,canary,ok,
volk_32fc_magnitude_32f,u_sse,canary,ok,
volk_32fc_magnitude_32f,u_sse3,canary,ok,
volk_32fc_magnitude_32f,a_avx,immutable,ok,
volk_32fc_magnitude_32f,a_avx512f,immutable,ok,
volk_32fc_magnitude_32f,a_sse,immutable,ok,
volk_32fc_magnitude_32f,a_sse3,immutable,ok,
volk_32fc_magnitude_32f,generic,immutable,ok,
volk_32fc_magnitude_32f,u_avx,immutable,ok,
volk_32fc_magnitude_32f,u_avx512f,immutable,ok,
volk_32fc_magnitude_32f,u_sse,immutable,ok,
volk_32fc_magnitude_32f,u_sse3,immutable,ok,
volk_32fc_magnitude_32f,generic,misaligned,ok,
volk_32fc_magnitude_32f,u_avx,misaligned,ok,
volk_32fc_magnitude_32f,u_avx512f,misaligned,ok,
volk_32fc_magnitude_32f,u_sse,misaligned,ok,
volk_32fc_magnitude_32f,u_sse3,misaligned,ok,
volk_32fc_magnitude_32f,a_avx,ref,ok,
volk_32fc_magnitude_32f,a_avx512f,ref,ok,
volk_32fc_magnitude_32f,a_sse,ref,ok,
volk_32fc_magnitude_32f,a_sse3,ref,ok,
volk_32fc_magnitude_32f,generic,ref,ok,
volk_32fc_magnitude_32f,u_avx,ref,ok,
volk_32fc_magnitude_32f,u_avx512f,ref,ok,
volk_32fc_magnitude_32f,u_sse,ref,ok,
volk_32fc_magnitude_32f,u_sse3,ref,ok,
volk_32fc_magnitude_squared_32f,a_avx,canary,ok,
volk_32fc_magnitude_squared_32f,a_sse,canary,ok,
volk_32fc_magnitude_squared_32f,a_sse3,canary,ok,
volk_32fc_magnitude_squared_32f,generic,canary,ok,
volk_32fc_magnitude_squared_32f,u_avx,canary,ok,
volk_32fc_magnitude_squared_32f,u_sse,canary,ok,
volk_32fc_magnitude_squared_32f,u_sse3,canary,ok,
volk_32fc_magnitude_squared_32f,a_avx,immutable,ok,
volk_32fc_magnitude_squared_32f,a_sse,immutable,ok,
volk_32fc_magnitude_squared_32f,a_sse3,immutable,ok,
volk_32fc_magnitude_squared_32f,generic,immutable,ok,
volk_32fc_magnitude_squared_32f,u_avx,immutable,ok,
volk_32fc_magnitude_squared_32f,u_sse,immutable,ok,
volk_32fc_magnitude_squared_32f,u_sse3,immutable,ok,
volk_32fc_magnitude_squared_32f,a_avx,impl,ok,
volk_32fc_magnitude_squared_32f,a_sse,impl,ok,
volk_32fc_magnitude_squared_32f,a_sse3,impl,ok,
volk_32fc_magnitude_squared_32f,generic,impl,ok,
volk_32fc_magnitude_squared_32f,u_avx,impl,ok,
volk_32fc_magnitude_squared_32f,u_sse,impl,ok,
volk_32fc_magnitude_squared_32f,u_sse3,impl,ok,
volk_32fc_magnitude_squared_32f,generic,misaligned,ok,
volk_32fc_magnitude_squared_32f,u_avx,misaligned,ok,
volk_32fc_magnitude_squared_32f,u_sse,misaligned,ok,
volk_32fc_magnitude_squared_32f,u_sse3,misaligned,ok,
volk_32fc_s32f_atan2_32f,a_avx2,canary,ok,
volk_32fc_s32f_atan2_32f,a_avx2_fma,canary,ok,
volk_32fc_s32f_atan2_32f,a_avx512dq,canary,ok,
volk_32fc_s32f_atan2_32f,generic,canary,ok,
volk_32fc_s32f_atan2_32f,polynomial,canary,ok,
volk_32fc_s32f_atan2_32f,u_avx2,canary,ok,
volk_32fc_s32f_atan2_32f,u_avx2_fma,canary,ok,
volk_32fc_s32f_atan2_32f,u_avx512dq,canary,ok,
volk_32fc_s32f_atan2_32f,a_avx2,immutable,ok,
volk_32fc_s32f_atan2_32f,a_avx2_fma,immutable,ok,
volk_32fc_s32f_atan2_32f,a_avx512dq,immutable,ok,
volk_32fc_s32f_atan2_32f,generic,immutable,ok,
volk_32fc_s32f_atan2_32f,polynomial,immutable,ok,
volk_32fc_s32f_atan2_32f,u_avx2,immutable,ok,
volk_32fc_s32f_atan2_32f,u_avx2_fma,immutable,ok,
volk_32fc_s32f_atan2_32f,u_avx512dq,immutable,ok,
volk_32fc_s32f_atan2_32f,generic,misaligned,ok,
volk_32fc_s32f_atan2_32f,polynomial,misaligned,ok,
volk_32fc_s32f_atan2_32f,u_avx2,misaligned,ok,
volk_32fc_s32f_atan2_32f,u_avx2_fma,misaligned,ok,
volk_32fc_s32f_atan2_32f,u_avx512dq,misaligned,ok,
volk_32fc_s32f_atan2_32f,a_avx2,ref,ok,
volk_32fc_s32f_atan2_32f,a_avx2_fma,ref,ok,
volk_32fc_s32f_atan2_32f,a_avx512dq,ref,ok,
volk_32fc_s32f_atan2_32f,generic,ref,ok,
volk_32fc_s32f_atan2_32f,polynomial,ref,ok,
volk_32fc_s32f_atan2_32f,u_avx2,ref,ok,
volk_32fc_s32f_atan2_32f,u_avx2_fma,ref,ok,
volk_32fc_s32f_atan2_32f,u_avx512dq,ref,ok,
volk_32fc_s32f_deinterleave_real_16i,a_avx2,canary,ok,
volk_32fc_s32f_deinterleave_real_16i,a_sse,canary,ok,
volk_32fc_s32f_deinterleave_real_16i,generic,canary,ok,
volk_32fc_s32f_deinterleave_real_16i,u_avx2,canary,ok,
volk_32fc_s32f_deinterleave_real_16i,a_avx2,immutable,ok,
volk_32fc_s32f_deinterleave_real_16i,a_sse,immutable,ok,
volk_32fc_s32f_deinterleave_real_16i,generic,immutable,ok,
volk_32fc_s32f_deinterleave_real_16i,u_avx2,immutable,ok,
volk_32fc_s32f_deinterleave_real_16i,a_avx2,impl,ok,
volk_32fc_s32f_deinterleave_real_16i,a_sse,impl,ok,
volk_32fc_s32f_deinterleave_real_16i,generic,impl,ok,
volk_32fc_s32f_deinterleave_real_16i,u_avx2,impl,ok,
volk_32fc_s32f_deinterleave_real_16i,generic,misaligned,ok,
volk_32fc_s32f_deinterleave_real_16i,u_avx2,misaligned,ok,
volk_32fc_s32f_magnitude_16i,a_avx2,canary,ok,
volk_32fc_s32f_magnitude_16i,a_sse,canary,ok,
volk_32fc_s32f_magnitude_16i,a_sse3,canary,ok,
volk_32fc_s32f_magnitude_16i,generic,canary,ok,
volk_32fc_s32f_magnitude_16i,u_avx2,canary,ok,
volk_32fc_s32f_magnitude_16i,a_avx2,immutable,ok,
volk_32fc_s32f_magnitude_16i,a_sse,immutable,ok,
volk_32fc_s32f_magnitude_16i,a_sse3,immutable,ok,
volk_32fc_s32f_magnitude_16i,generic,immutable,ok,
volk_32fc_s32f_magnitude_16i,u_avx2,immutable,ok,
volk_32fc_s32f_magnitude_16i,a_avx2,impl,FAIL,131071 
volk_32fc_s32f_magnitude_16i,a_sse,impl,ok,
volk_32fc_s32f_magnitude_16i,a_sse3,impl,FAIL,131071 
volk_32fc_s32f_magnitude_16i,generic,impl,ok,
volk_32fc_s32f_magnitude_16i,u_avx2,impl,FAIL,131071 
volk_32fc_s32f_magnitude_16i,generic,misaligned,ok,
volk_32fc_s32f_magnitude_16i,u_avx2,misaligned,ok,
volk_32fc_s32f_power_32fc,generic,canary,ok,
volk_32fc_s32f_power_32fc,generic,immutable,ok,
volk_32fc_s32f_power_32fc,generic,misaligned,ok,
volk_32fc_s32f_power_32fc,generic,ref,FAIL,2 3 4 5 6 7 8 9 10 11 12 13 14 15 16 17 18 19 20 21 22 23 24 25 26 27 28 29 30 31 32 33 34 35 36 37 38 39 40 131071 1000003 
volk_32fc_s32f_power_spectral_densitypuppet_32f,-,canary,skip,
volk_32fc_s32f_power_spectral_densitypuppet_32f,-,immutable,skip,
volk_32fc_s32f_power_spectral_densitypuppet_32f,-,misaligned,skip,
volk_32fc_s32f_power_spectral_densitypuppet_32f,-,sweep,skip,no-qa-entry
volk_32fc_s32f_power_spectrum_32f,generic,canary,ok,
volk_32fc_s32f_power_spectrum_32f,generic,immutable,ok,
volk_32fc_s32f_power_spectrum_32f,generic,misaligned,ok,
volk_32fc_s32f_power_spectrum_32f,-,sweep,skip,no-qa-entry
volk_32fc_s32f_x2_power_spectral_density_32f,-,canary,skip,no-qa-entry
volk_32fc_s32f_x2_power_spectral_density_32f,-,immutable,skip,no-qa-entry
volk_32fc_s32f_x2_power_spectral_density_32f,-,misaligned,skip,no-qa-entry
volk_32fc_s32f_x2_power_spectral_density_32f,-,sweep,skip,no-qa-entry
volk_32fc_s32fc_multiply2_32fc,a_avx,canary,ok,
volk_32fc_s32fc_multiply2_32fc,a_avx_fma,canary,ok,
volk_32fc_s32fc_multiply2_32fc,a_sse3,canary,ok,
volk_32fc_s32fc_multiply2_32fc,generic,canary,ok,
volk_32fc_s32fc_multiply2_32fc,u_avx,canary,ok,
volk_32fc_s32fc_multiply2_32fc,u_avx_fma,canary,ok,
volk_32fc_s32fc_multiply2_32fc,u_sse3,canary,ok,
volk_32fc_s32fc_multiply2_32fc,a_avx,immutable,ok,
volk_32fc_s32fc_multiply2_32fc,a_avx_fma,immutable,ok,
volk_32fc_s32fc_multiply2_32fc,a_sse3,immutable,ok,
volk_32fc_s32fc_multiply2_32fc,generic,immutable,ok,
volk_32fc_s32fc_multiply2_32fc,u_avx,immutable,ok,
volk_32fc_s32fc_multiply2_32fc,u_avx_fma,immutable,ok,
volk_32fc_s32fc_multiply2_32fc,u_sse3,immutable,ok,
volk_32fc_s32fc_multiply2_32fc,a_avx,impl,ok,
volk_32fc_s32fc_multiply2_32fc,a_avx_fma,impl,ok,
volk_32fc_s32fc_multiply2_32fc,a_sse3,impl,ok,
volk_32fc_s32fc_multiply2_32fc,generic,impl,ok,
volk_32fc_s32fc_multiply2_32fc,u_avx,impl,ok,
volk_32fc_s32fc_multiply2_32fc,u_avx_fma,impl,ok,
volk_32fc_s32fc_multiply2_32fc,u_sse3,impl,ok,
volk_32fc_s32fc_multiply2_32fc,generic,misaligned,ok,
volk_32fc_s32fc_multiply2_32fc,u_avx,misaligned,ok,
volk_32fc_s32fc_multiply2_32fc,u_avx_fma,misaligned,ok,
volk_32fc_s32fc_multiply2_32fc,u_sse3,misaligned,ok,
volk_32fc_s32fc_multiply_32fc,-,canary,skip,no-qa-entry
volk_32fc_s32fc_multiply_32fc,-,immutable,skip,no-qa-entry
volk_32fc_s32fc_multiply_32fc,-,misaligned,skip,no-qa-entry
volk_32fc_s32fc_multiply_32fc,-,sweep,skip,no-qa-entry
volk_32fc_s32fc_rotator2puppet_32fc,-,canary,skip,
volk_32fc_s32fc_rotator2puppet_32fc,-,immutable,skip,
volk_32fc_s32fc_rotator2puppet_32fc,a_avx,impl,ok,
volk_32fc_s32fc_rotator2puppet_32fc,a_avx512f,impl,ok,
volk_32fc_s32fc_rotator2puppet_32fc,generic,impl,ok,
volk_32fc_s32fc_rotator2puppet_32fc,u_avx,impl,ok,
volk_32fc_s32fc_rotator2puppet_32fc,u_avx512f,impl,ok,
volk_32fc_s32fc_rotator2puppet_32fc,-,misaligned,skip,
volk_32fc_s32fc_x2_rotator2_32fc,-,canary,skip,no-qa-entry
volk_32fc_s32fc_x2_rotator2_32fc,-,immutable,skip,no-qa-entry
volk_32fc_s32fc_x2_rotator2_32fc,-,misaligned,skip,no-qa-entry
volk_32fc_s32fc_x2_rotator2_32fc,-,sweep,skip,no-qa-entry
volk_32fc_s32fc_x2_rotator_32fc,-,canary,skip,no-qa-entry
volk_32fc_s32fc_x2_rotator_32fc,-,immutable,skip,no-qa-entry
volk_32fc_s32fc_x2_rotator_32fc,-,misaligned,skip,no-qa-entry
volk_32fc_s32fc_x2_rotator_32fc,-,sweep,skip,no-qa-entry
volk_32fc_x2_add_32fc,a_avx,canary,ok,
volk_32fc_x2_add_32fc,a_sse,canary,ok,
volk_32fc_x2_add_32fc,generic,canary,ok,
volk_32fc_x2_add_32fc,u_avx,canary,ok,
volk_32fc_x2_add_32fc,u_sse,canary,ok,
volk_32fc_x2_add_32fc,a_avx,immutable,ok,
volk_32fc_x2_add_32fc,a_sse,immutable,ok,
volk_32fc_x2_add_32fc,generic,immutable,ok,
volk_32fc_x2_add_32fc,u_avx,immutable,ok,
volk_32fc_x2_add_32fc,u_sse,immutable,ok,
volk_32fc_x2_add_32fc,a_avx,impl,ok,
volk_32fc_x2_add_32fc,a_sse,impl,ok,
volk_32fc_x2_add_32fc,generic,impl,ok,
volk_32fc_x2_add_32fc,u_avx,impl,ok,
volk_32fc_x2_add_32fc,u_sse,impl,ok,
volk_32fc_x2_add_32fc,generic,misaligned,ok,
volk_32fc_x2_add_32fc,u_avx,misaligned,ok,
volk_32fc_x2_add_32fc,u_sse,misaligned,ok,
volk_32fc_x2_conjugate_dot_prod_32fc,a_avx,canary,partial,2 3 4 5 6 7 8 9 10 11 12 13 14 15 16 17 18 19 20 21 22 23 24 25 26 27 28 29 30 31 32 33 34 35 36 37 38 39 40 131071 1000003 
volk_32fc_x2_conjugate_dot_prod_32fc,a_avx512dq,canary,partial,2 3 4 5 6 7 8 9 10 11 12 13 14 15 16 17 18 19 20 21 22 23 24 25 26 27 28 29 30 31 32 33 34 35 36 37 38 39 40 131071 1000003 
volk_32fc_x2_conjugate_dot_prod_32fc,a_sse3,canary,partial,2 3 4 5 6 7 8 9 10 11 12 13 14 15 16 17 18 19 20 21 22 23 24 25 26 27 28 29 30 31 32 33 34 35 36 37 38 39 40 131071 1000003 
volk_32fc_x2_conjugate_dot_prod_32fc,block,canary,partial,2 3 4 5 6 7 8 9 10 11 12 13 14 15 16 17 18 19 20 21 22 23 24 25 26 27 28 29 30 31 32 33 34 35 36 37 38 39 40 131071 1000003 
volk_32fc_x2_conjugate_dot_prod_32fc,generic,canary,partial,2 3 4 5 6 7 8 9 10 11 12 13 14 15 16 17 18 19 20 21 22 23 24 25 26 27 28 29 30 31 32 33 34 35 36 37 38 39 40 131071 1000003 
volk_32fc_x2_conjugate_dot_prod_32fc,u_avx,canary,partial,2 3 4 5 6 7 8 9 10 11 12 13 14 15 16 17 18 19 20 21 22 23 24 25 26 27 28 29 30 31 32 33 34 35 36 37 38 39 40 131071 1000003 
volk_32fc_x2_conjugate_dot_prod_32fc,u_avx512dq,canary,partial,2 3 4 5 6 7 8 9 10 11 12 13 14 15 16 17 18 19 20 21 22 23 24 25 26 27 28 29 30 31 32 33 34 35 36 37 38 39 40 131071 1000003 
volk_32fc_x2_conjugate_dot_prod_32fc,u_sse3,canary,partial,2 3 4 5 6 7 8 9 10 11 12 13 14 15 16 17 18 19 20 21 22 23 24 25 26 27 28 29 30 31 32 33 34 35 36 37 38 39 40 131071 1000003 
volk_32fc_x2_conjugate_dot_prod_32fc,a_avx,immutable,ok,
volk_32fc_x2_conjugate_dot_prod_32fc,a_avx512dq,immutable,ok,
volk_32fc_x2_conjugate_dot_prod_32fc,a_sse3,immutable,ok,
volk_32fc_x2_conjugate_dot_prod_32fc,block,immutable,ok,
volk_32fc_x2_conjugate_dot_prod_32fc,generic,immutable,ok,
volk_32fc_x2_conjugate_dot_prod_32fc,u_avx,immutable,ok,
volk_32fc_x2_conjugate_dot_prod_32fc,u_avx512dq,immutable,ok,
volk_32fc_x2_conjugate_dot_prod_32fc,u_sse3,immutable,ok,
volk_32fc_x2_conjugate_dot_prod_32fc,a_avx,impl,FAIL,131071 1000003 
volk_32fc_x2_conjugate_dot_prod_32fc,a_avx512dq,impl,FAIL,131071 1000003 
volk_32fc_x2_conjugate_dot_prod_32fc,a_sse3,impl,FAIL,131071 1000003 
volk_32fc_x2_conjugate_dot_prod_32fc,block,impl,FAIL,131071 1000003 
volk_32fc_x2_conjugate_dot_prod_32fc,generic,impl,ok,
volk_32fc_x2_conjugate_dot_prod_32fc,u_avx,impl,FAIL,131071 1000003 
volk_32fc_x2_conjugate_dot_prod_32fc,u_avx512dq,impl,FAIL,131071 1000003 
volk_32fc_x2_conjugate_dot_prod_32fc,u_sse3,impl,FAIL,131071 1000003 
volk_32fc_x2_conjugate_dot_prod_32fc,block,misaligned,ok,
volk_32fc_x2_conjugate_dot_prod_32fc,generic,misaligned,ok,
volk_32fc_x2_conjugate_dot_prod_32fc,u_avx,misaligned,ok,
volk_32fc_x2_conjugate_dot_prod_32fc,u_avx512dq,misaligned,ok,
volk_32fc_x2_conjugate_dot_prod_32fc,u_sse3,misaligned,ok,
volk_32fc_x2_divide_32fc,a_avx,canary,ok,
volk_32fc_x2_divide_32fc,a_avx2_fma,canary,ok,
volk_32fc_x2_divide_32fc,a_avx512,canary,ok,
volk_32fc_x2_divide_32fc,a_sse3,canary,ok,
volk_32fc_x2_divide_32fc,generic,canary,ok,
volk_32fc_x2_divide_32fc,u_avx,canary,ok,
volk_32fc_x2_divide_32fc,u_avx2_fma,canary,ok,
volk_32fc_x2_divide_32fc,u_avx512,canary,ok,
volk_32fc_x2_divide_32fc,u_sse3,canary,ok,
volk_32fc_x2_divide_32fc,a_avx,immutable,ok,
volk_32fc_x2_divide_32fc,a_avx2_fma,immutable,ok,
volk_32fc_x2_divide_32fc,a_avx512,immutable,ok,
volk_32fc_x2_divide_32fc,a_sse3,immutable,ok,
volk_32fc_x2_divide_32fc,generic,immutable,ok,
volk_32fc_x2_divide_32fc,u_avx,immutable,ok,
volk_32fc_x2_divide_32fc,u_avx2_fma,immutable,ok,
volk_32fc_x2_divide_32fc,u_avx512,immutable,ok,
volk_32fc_x2_divide_32fc,u_sse3,immutable,ok,
volk_32fc_x2_divide_32fc,a_avx,impl,ok,
volk_32fc_x2_divide_32fc,a_avx2_fma,impl,ok,
volk_32fc_x2_divide_32fc,a_avx512,impl,ok,
volk_32fc_x2_divide_32fc,a_sse3,impl,ok,
volk_32fc_x2_divide_32fc,generic,impl,ok,
volk_32fc_x2_divide_32fc,u_avx,impl,ok,
volk_32fc_x2_divide_32fc,u_avx2_fma,impl,ok,
volk_32fc_x2_divide_32fc,u_avx512,impl,ok,
volk_32fc_x2_divide_32fc,u_sse3,impl,ok,
volk_32fc_x2_divide_32fc,generic,misaligned,ok,
volk_32fc_x2_divide_32fc,u_avx,misaligned,ok,
volk_32fc_x2_divide_32fc,u_avx2_fma,misaligned,ok,
volk_32fc_x2_divide_32fc,u_avx512,misaligned,ok,
volk_32fc_x2_divide_32fc,u_sse3,misaligned,ok,
volk_32fc_x2_dot_prod_32fc,a_avx,canary,partial,2 3 4 5 6 7 8 9 10 11 12 13 14 15 16 17 18 19 20 21 22 23 24 25 26 27 28 29 30 31 32 33 34 35 36 37 38 39 40 131071 1000003 
volk_32fc_x2_dot_prod_32fc,a_avx_fma,canary,partial,2 3 4 5 6 7 8 9 10 11 12 13 14 15 16 17 18 19 20 21 22 23 24 25 26 27 28 29 30 31 32 33 34 35 36 37 38 39 40 131071 1000003 
volk_32fc_x2_dot_prod_32fc,a_sse3,canary,partial,2 3 4 5 6 7 8 9 10 11 12 13 14 15 16 17 18 19 20 21 22 23 24 25 26 27 28 29 30 31 32 33 34 35 36 37 38 39 40 131071 1000003 
volk_32fc_x2_dot_prod_32fc,generic,canary,partial,2 3 4 5 6 7 8 9 10 11 12 13 14 15 16 17 18 19 20 21 22 23 24 25 26 27 28 29 30 31 32 33 34 35 36 37 38 39 40 131071 1000003 
volk_32fc_x2_dot_prod_32fc,u_avx,canary,partial,2 3 4 5 6 7 8 9 10 11 12 13 14 15 16 17 18 19 20 21 22 23 24 25 26 27 28 29 30 31 32 33 34 35 36 37 38 39 40 131071 1000003 
volk_32fc_x2_dot_prod_32fc,u_avx_fma,canary,partial,2 3 4 5 6 7 8 9 10 11 12 13 14 15 16 17 18 19 20 21 22 23 24 25 26 27 28 29 30 31 32 33 34 35 36 37 38 39 40 131071 1000003 
volk_32fc_x2_dot_prod_32fc,u_sse3,canary,partial,2 3 4 5 6 7 8 9 10 11 12 13 14 15 16 17 18 19 20 21 22 23 24 25 26 27 28 29 30 31 32 33 34 35 36 37 38 39 40 131071 1000003 
volk_32fc_x2_dot_prod_32fc,a_avx,immutable,ok,
volk_32fc_x2_dot_prod_32fc,a_avx_fma,immutable,ok,
volk_32fc_x2_dot_prod_32fc,a_sse3,immutable,ok,
volk_32fc_x2_dot_prod_32fc,generic,immutable,ok,
volk_32fc_x2_dot_prod_32fc,u_avx,immutable,ok,
volk_32fc_x2_dot_prod_32fc,u_avx_fma,immutable,ok,
volk_32fc_x2_dot_prod_32fc,u_sse3,immutable,ok,
volk_32fc_x2_dot_prod_32fc,a_avx,impl,FAIL,131071 1000003 
volk_32fc_x2_dot_prod_32fc,a_avx_fma,impl,FAIL,131071 1000003 
volk_32fc_x2_dot_prod_32fc,a_sse3,impl,ok,
volk_32fc_x2_dot_prod_32fc,generic,impl,ok,
volk_32fc_x2_dot_prod_32fc,u_avx,impl,FAIL,131071 1000003 
volk_32fc_x2_dot_prod_32fc,u_avx_fma,impl,FAIL,131071 1000003 
volk_32fc_x2_dot_prod_32fc,u_sse3,impl,ok,
volk_32fc_x2_dot_prod_32fc,generic,misaligned,ok,
volk_32fc_x2_dot_prod_32fc,u_avx,misaligned,ok,
volk_32fc_x2_dot_prod_32fc,u_avx_fma,misaligned,ok,
volk_32fc_x2_dot_prod_32fc,u_sse3,misaligned,ok,
volk_32fc_x2_multiply_32fc,a_avx,canary,ok,
volk_32fc_x2_multiply_32fc,a_avx2_fma,canary,ok,
volk_32fc_x2_multiply_32fc,a_sse3,canary,ok,
volk_32fc_x2_multiply_32fc,generic,canary,ok,
volk_32fc_x2_multiply_32fc,u_avx,canary,ok,
volk_32fc_x2_multiply_32fc,u_avx2_fma,canary,ok,
volk_32fc_x2_multiply_32fc,u_orc,canary,ok,
volk_32fc_x2_multiply_32fc,u_sse3,canary,ok,
volk_32fc_x2_multiply_32fc,a_avx,immutable,ok,
volk_32fc_x2_multiply_32fc,a_avx2_fma,immutable,ok,
volk_32fc_x2_multiply_32fc,a_sse3,immutable,ok,
volk_32fc_x2_multiply_32fc,generic,immutable,ok,
volk_32fc_x2_multiply_32fc,u_avx,immutable,ok,
volk_32fc_x2_multiply_32fc,u_avx2_fma,immutable,ok,
volk_32fc_x2_multiply_32fc,u_orc,immutable,ok,
volk_32fc_x2_multiply_32fc,u_sse3,immutable,ok,
volk_32fc_x2_multiply_32fc,a_avx,impl,ok,
volk_32fc_x2_multiply_32fc,a_avx2_fma,impl,ok,
volk_32fc_x2_multiply_32fc,a_sse3,impl,ok,
volk_32fc_x2_multiply_32fc,generic,impl,ok,
volk_32fc_x2_multiply_32fc,u_avx,impl,ok,
volk_32fc_x2_multiply_32fc,u_avx2_fma,impl,ok,
volk_32fc_x2_multiply_32fc,u_orc,impl,ok,
volk_32fc_x2_multiply_32fc,u_sse3,impl,ok,
volk_32fc_x2_multiply_32fc,generic,misaligned,ok,
volk_32fc_x2_multiply_32fc,u_avx,misaligned,ok,
volk_32fc_x2_multiply_32fc,u_avx2_fma,misaligned,ok,
volk_32fc_x2_multiply_32fc,u_orc,misaligned,ok,
volk_32fc_x2_multiply_32fc,u_sse3,misaligned,ok,
volk_32fc_x2_multiply_conjugate_32fc,a_avx,canary,ok,
volk_32fc_x2_multiply_conjugate_32fc,a_sse3,canary,ok,
volk_32fc_x2_multiply_conjugate_32fc,generic,canary,ok,
volk_32fc_x2_multiply_conjugate_32fc,u_avx,canary,ok,
volk_32fc_x2_multiply_conjugate_32fc,u_sse3,canary,ok,
volk_32fc_x2_multiply_conjugate_32fc,a_avx,immutable,ok,
volk_32fc_x2_multiply_conjugate_32fc,a_sse3,immutable,ok,
volk_32fc_x2_multiply_conjugate_32fc,generic,immutable,ok,
volk_32fc_x2_multiply_conjugate_32fc,u_avx,immutable,ok,
volk_32fc_x2_multiply_conjugate_32fc,u_sse3,immutable,ok,
volk_32fc_x2_multiply_conjugate_32fc,a_avx,impl,ok,
volk_32fc_x2_multiply_conjugate_32fc,a_sse3,impl,ok,
volk_32fc_x2_multiply_conjugate_32fc,generic,impl,ok,
volk_32fc_x2_multiply_conjugate_32fc,u_avx,impl,ok,
volk_32fc_x2_multiply_conjugate_32fc,u_sse3,impl,ok,
volk_32fc_x2_multiply_conjugate_32fc,generic,misaligned,ok,
volk_32fc_x2_multiply_conjugate_32fc,u_avx,misaligned,ok,
volk_32fc_x2_multiply_conjugate_32fc,u_sse3,misaligned,ok,
volk_32fc_x2_s32f_square_dist_scalar_mult_32f,a_avx,canary,ok,
volk_32fc_x2_s32f_square_dist_scalar_mult_32f,a_avx2,canary,ok,
volk_32fc_x2_s32f_square_dist_scalar_mult_32f,a_sse,canary,ok,
volk_32fc_x2_s32f_square_dist_scalar_mult_32f,a_sse3,canary,ok,
volk_32fc_x2_s32f_square_dist_scalar_mult_32f,generic,canary,ok,
volk_32fc_x2_s32f_square_dist_scalar_mult_32f,u_avx,canary,ok,
volk_32fc_x2_s32f_square_dist_scalar_mult_32f,u_avx2,canary,ok,
volk_32fc_x2_s32f_square_dist_scalar_mult_32f,u_sse,canary,ok,
volk_32fc_x2_s32f_square_dist_scalar_mult_32f,u_sse3,canary,ok,
volk_32fc_x2_s32f_square_dist_scalar_mult_32f,a_avx,immutable,ok,
volk_32fc_x2_s32f_square_dist_scalar_mult_32f,a_avx2,immutable,ok,
volk_32fc_x2_s32f_square_dist_scalar_mult_32f,a_sse,immutable,ok,
volk_32fc_x2_s32f_square_dist_scalar_mult_32f,a_sse3,immutable,ok,
volk_32fc_x2_s32f_square_dist_scalar_mult_32f,generic,immutable,ok,
volk_32fc_x2_s32f_square_dist_scalar_mult_32f,u_avx,immutable,ok,
volk_32fc_x2_s32f_square_dist_scalar_mult_32f,u_avx2,immutable,ok,
volk_32fc_x2_s32f_square_dist_scalar_mult_32f,u_sse,immutable,ok,
volk_32fc_x2_s32f_square_dist_scalar_mult_32f,u_sse3,immutable,ok,
volk_32fc_x2_s32f_square_dist_scalar_mult_32f,a_avx,impl,ok,
volk_32fc_x2_s32f_square_dist_scalar_mult_32f,a_avx2,impl,ok,
volk_32fc_x2_s32f_square_dist_scalar_mult_32f,a_sse,impl,ok,
volk_32fc_x2_s32f_square_dist_scalar_mult_32f,a_sse3,impl,ok,
volk_32fc_x2_s32f_square_dist_scalar_mult_32f,generic,impl,ok,
volk_32fc_x2_s32f_square_dist_scalar_mult_32f,u_avx,impl,ok,
volk_32fc_x2_s32f_square_dist_scalar_mult_32f,u_avx2,impl,ok,
volk_32fc_x2_s32f_square_dist_scalar_mult_32f,u_sse,impl,ok,
volk_32fc_x2_s32f_square_dist_scalar_mult_32f,u_sse3,impl,ok,
volk_32fc_x2_s32f_square_dist_scalar_mult_32f,generic,misaligned,ok,
volk_32fc_x2_s32f_square_dist_scalar_mult_32f,u_avx,misaligned,ok,
volk_32fc_x2_s32f_square_dist_scalar_mult_32f,u_avx2,misaligned,ok,
volk_32fc_x2_s32f_square_dist_scalar_mult_32f,u_sse,misaligned,ok,
volk_32fc_x2_s32f_square_dist_scalar_mult_32f,u_sse3,misaligned,ok,
volk_32fc_x2_s32fc_multiply_conjugate_add2_32fc,a_avx,canary,ok,
volk_32fc_x2_s32fc_multiply_conjugate_add2_32fc,a_sse3,canary,ok,
volk_32fc_x2_s32fc_multiply_conjugate_add2_32fc,generic,canary,ok,
volk_32fc_x2_s32fc_multiply_conjugate_add2_32fc,u_avx,canary,ok,
volk_32fc_x2_s32fc_multiply_conjugate_add2_32fc,u_sse3,canary,ok,
volk_32fc_x2_s32fc_multiply_conjugate_add2_32fc,a_avx,immutable,ok,
volk_32fc_x2_s32fc_multiply_conjugate_add2_32fc,a_sse3,immutable,ok,
volk_32fc_x2_s32fc_multiply_conjugate_add2_32fc,generic,immutable,ok,
volk_32fc_x2_s32fc_multiply_conjugate_add2_32fc,u_avx,immutable,ok,
volk_32fc_x2_s32fc_multiply_conjugate_add2_32fc,u_sse3,immutable,ok,
volk_32fc_x2_s32fc_multiply_conjugate_add2_32fc,a_avx,impl,ok,
volk_32fc_x2_s32fc_multiply_conjugate_add2_32fc,a_sse3,impl,ok,
volk_32fc_x2_s32fc_multiply_conjugate_add2_32fc,generic,impl,ok,
volk_32fc_x2_s32fc_multiply_conjugate_add2_32fc,u_avx,impl,ok,
volk_32fc_x2_s32fc_multiply_conjugate_add2_32fc,u_sse3,impl,ok,
volk_32fc_x2_s32fc_multiply_conjugate_add2_32fc,generic,misaligned,ok,
volk_32fc_x2_s32fc_multiply_conjugate_add2_32fc,u_avx,misaligned,ok,
volk_32fc_x2_s32fc_multiply_conjugate_add2_32fc,u_sse3,misaligned,ok,
volk_32fc_x2_s32fc_multiply_conjugate_add_32fc,-,canary,skip,no-qa-entry
volk_32fc_x2_s32fc_multiply_conjugate_add_32fc,-,immutable,skip,no-qa-entry
volk_32fc_x2_s32fc_multiply_conjugate_add_32fc,-,misaligned,skip,no-qa-entry
volk_32fc_x2_s32fc_multiply_conjugate_add_32fc,-,sweep,skip,no-qa-entry
volk_32fc_x2_square_dist_32f,a_avx2,canary,ok,
volk_32fc_x2_square_dist_32f,a_sse3,canary,ok,
volk_32fc_x2_square_dist_32f,generic,canary,ok,
volk_32fc_x2_square_dist_32f,u_avx2,canary,ok,
volk_32fc_x2_square_dist_32f,a_avx2,immutable,ok,
volk_32fc_x2_square_dist_32f,a_sse3,immutable,ok,
volk_32fc_x2_square_dist_32f,generic,immutable,ok,
volk_32fc_x2_square_dist_32f,u_avx2,immutable,ok,
volk_32fc_x2_square_dist_32f,a_avx2,impl,ok,
volk_32fc_x2_square_dist_32f,a_sse3,impl,ok,
volk_32fc_x2_square_dist_32f,generic,impl,ok,
volk_32fc_x2_square_dist_32f,u_avx2,impl,ok,
volk_32fc_x2_square_dist_32f,generic,misaligned,ok,
volk_32fc_x2_square_dist_32f,u_avx2,misaligned,ok,
volk_32i_s32f_convert_32f,a_avx2,canary,ok,
volk_32i_s32f_convert_32f,a_avx512f,canary,ok,
volk_32i_s32f_convert_32f,a_sse2,canary,ok,
volk_32i_s32f_convert_32f,generic,canary,ok,
volk_32i_s32f_convert_32f,u_avx2,canary,ok,
volk_32i_s32f_convert_32f,u_avx512f,canary,ok,
volk_32i_s32f_convert_32f,u_sse2,canary,ok,
volk_32i_s32f_convert_32f,a_avx2,immutable,ok,
volk_32i_s32f_convert_32f,a_avx512f,immutable,ok,
volk_32i_s32f_convert_32f,a_sse2,immutable,ok,
volk_32i_s32f_convert_32f,generic,immutable,ok,
volk_32i_s32f_convert_32f,u_avx2,immutable,ok,
volk_32i_s32f_convert_32f,u_avx512f,immutable,ok,
volk_32i_s32f_convert_32f,u_sse2,immutable,ok,
volk_32i_s32f_convert_32f,a_avx2,impl,ok,
volk_32i_s32f_convert_32f,a_avx512f,impl,ok,
volk_32i_s32f_convert_32f,a_sse2,impl,ok,
volk_32i_s32f_convert_32f,generic,impl,ok,
volk_32i_s32f_convert_32f,u_avx2,impl,ok,
volk_32i_s32f_convert_32f,u_avx512f,impl,ok,
volk_32i_s32f_convert_32f,u_sse2,impl,ok,
volk_32i_s32f_convert_32f,generic,misaligned,ok,
volk_32i_s32f_convert_32f,u_avx2,misaligned,ok,
volk_32i_s32f_convert_32f,u_avx512f,misaligned,ok,
volk_32i_s32f_convert_32f,u_sse2,misaligned,ok,
volk_32i_x2_and_32i,a_avx2,canary,ok,
volk_32i_x2_and_32i,a_avx512f,canary,ok,
volk_32i_x2_and_32i,a_sse,canary,ok,
volk_32i_x2_and_32i,generic,canary,ok,
volk_32i_x2_and_32i,u_avx2,canary,ok,
volk_32i_x2_and_32i,u_avx512f,canary,ok,
volk_32i_x2_and_32i,u_orc,canary,ok,
volk_32i_x2_and_32i,a_avx2,immutable,ok,
volk_32i_x2_and_32i,a_avx512f,immutable,ok,
volk_32i_x2_and_32i,a_sse,immutable,ok,
volk_32i_x2_and_32i,generic,immutable,ok,
volk_32i_x2_and_32i,u_avx2,immutable,ok,
volk_32i_x2_and_32i,u_avx512f,immutable,ok,
volk_32i_x2_and_32i,u_orc,immutable,ok,
volk_32i_x2_and_32i,a_avx2,impl,ok,
volk_32i_x2_and_32i,a_avx512f,impl,ok,
volk_32i_x2_and_32i,a_sse,impl,ok,
volk_32i_x2_and_32i,generic,impl,ok,
volk_32i_x2_and_32i,u_avx2,impl,ok,
volk_32i_x2_and_32i,u_avx512f,impl,ok,
volk_32i_x2_and_32i,u_orc,impl,ok,
volk_32i_x2_and_32i,generic,misaligned,ok,
volk_32i_x2_and_32i,u_avx2,misaligned,ok,
volk_32i_x2_and_32i,u_avx512f,misaligned,ok,
volk_32i_x2_and_32i,u_orc,misaligned,ok,
volk_32i_x2_or_32i,a_avx2,canary,ok,
volk_32i_x2_or_32i,a_avx512f,canary,ok,
volk_32i_x2_or_32i,a_sse,canary,ok,
volk_32i_x2_or_32i,generic,canary,ok,
volk_32i_x2_or_32i,u_avx2,canary,ok,
volk_32i_x2_or_32i,u_avx512f,canary,ok,
volk_32i_x2_or_32i,u_orc,canary,ok,
volk_32i_x2_or_32i,a_avx2,immutable,ok,
volk_32i_x2_or_32i,a_avx512f,immutable,ok,
volk_32i_x2_or_32i,a_sse,immutable,ok,
volk_32i_x2_or_32i,generic,immutable,ok,
volk_32i_x2_or_32i,u_avx2,immutable,ok,
volk_32i_x2_or_32i,u_avx512f,immutable,ok,
volk_32i_x2_or_32i,u_orc,immutable,ok,
volk_32i_x2_or_32i,a_avx2,impl,ok,
volk_32i_x2_or_32i,a_avx512f,impl,ok,
volk_32i_x2_or_32i,a_sse,impl,ok,
volk_32i_x2_or_32i,generic,impl,ok,
volk_32i_x2_or_32i,u_avx2,impl,ok,
volk_32i_x2_or_32i,u_avx512f,impl,ok,
volk_32i_x2_or_32i,u_orc,impl,ok,
volk_32i_x2_or_32i,generic,misaligned,ok,
volk_32i_x2_or_32i,u_avx2,misaligned,ok,
volk_32i_x2_or_32i,u_avx512f,misaligned,ok,
volk_32i_x2_or_32i,u_orc,misaligned,ok,
volk_32u_byteswap,-,canary,skip,no-qa-entry
volk_32u_byteswap,-,immutable,skip,no-qa-entry
volk_32u_byteswap,-,misaligned,skip,no-qa-entry
volk_32u_byteswap,-,sweep,skip,no-qa-entry
volk_32u_byteswappuppet_32u,-,canary,skip,
volk_32u_byteswappuppet_32u,-,immutable,skip,
volk_32u_byteswappuppet_32u,a_avx2,impl,ok,
volk_32u_byteswappuppet_32u,a_sse2,impl,ok,
volk_32u_byteswappuppet_32u,generic,impl,ok,
volk_32u_byteswappuppet_32u,u_avx2,impl,ok,
volk_32u_byteswappuppet_32u,u_sse2,impl,ok,
volk_32u_byteswappuppet_32u,-,misaligned,skip,
volk_32u_popcnt,-,canary,skip,no-qa-entry
volk_32u_popcnt,-,immutable,skip,no-qa-entry
volk_32u_popcnt,-,misaligned,skip,no-qa-entry
volk_32u_popcnt,-,sweep,skip,no-qa-entry
volk_32u_popcntpuppet_32u,-,canary,skip,
volk_32u_popcntpuppet_32u,-,immutable,skip,
volk_32u_popcntpuppet_32u,a_sse4_2,impl,ok,
volk_32u_popcntpuppet_32u,generic,impl,ok,
volk_32u_popcntpuppet_32u,-,misaligned,skip,
volk_32u_reverse_32u,1972magic,canary,ok,
volk_32u_reverse_32u,2001magic,canary,ok,
volk_32u_reverse_32u,bintree_permute_bottom_up,canary,ok,
volk_32u_reverse_32u,bintree_permute_top_down,canary,ok,
volk_32u_reverse_32u,byte_shuffle,canary,ok,
volk_32u_reverse_32u,generic,canary,ok,
volk_32u_reverse_32u,lut,canary,ok,
volk_32u_reverse_32u,1972magic,immutable,ok,
volk_32u_reverse_32u,2001magic,immutable,ok,
volk_32u_reverse_32u,bintree_permute_bottom_up,immutable,ok,
volk_32u_reverse_32u,bintree_permute_top_down,immutable,ok,
volk_32u_reverse_32u,byte_shuffle,immutable,ok,
volk_32u_reverse_32u,generic,immutable,ok,
volk_32u_reverse_32u,lut,immutable,ok,
volk_32u_reverse_32u,1972magic,impl,ok,
volk_32u_reverse_32u,2001magic,impl,ok,
volk_32u_reverse_32u,bintree_permute_bottom_up,impl,ok,
volk_32u_reverse_32u,bintree_permute_top_down,impl,ok,
volk_32u_reverse_32u,byte_shuffle,impl,ok,
volk_32u_reverse_32u,generic,impl,ok,
volk_32u_reverse_32u,lut,impl,ok,
volk_32u_reverse_32u,1972magic,misaligned,ok,
volk_32u_reverse_32u,2001magic,misaligned,ok,
volk_32u_reverse_32u,bintree_permute_bottom_up,misaligned,ok,
volk_32u_reverse_32u,bintree_permute_top_down,misaligned,ok,
volk_32u_reverse_32u,byte_shuffle,misaligned,ok,
volk_32u_reverse_32u,generic,misaligned,ok,
volk_32u_reverse_32u,lut,misaligned,ok,
volk_64f_convert_32f,a_avx,canary,ok,
volk_64f_convert_32f,a_avx512f,canary,ok,
volk_64f_convert_32f,a_sse2,canary,ok,
volk_64f_convert_32f,generic,canary,ok,
volk_64f_convert_32f,u_avx,canary,ok,
volk_64f_convert_32f,u_avx512f,canary,ok,
volk_64f_convert_32f,u_sse2,canary,ok,
volk_64f_convert_32f,a_avx,immutable,ok,
volk_64f_convert_32f,a_avx512f,immutable,ok,
volk_64f_convert_32f,a_sse2,immutable,ok,
volk_64f_convert_32f,generic,immutable,ok,
volk_64f_convert_32f,u_avx,immutable,ok,
volk_64f_convert_32f,u_avx512f,immutable,ok,
volk_64f_convert_32f,u_sse2,immutable,ok,
volk_64f_convert_32f,a_avx,impl,ok,
volk_64f_convert_32f,a_avx512f,impl,ok,
volk_64f_convert_32f,a_sse2,impl,ok,
volk_64f_convert_32f,generic,impl,ok,
volk_64f_convert_32f,u_avx,impl,ok,
volk_64f_convert_32f,u_avx512f,impl,ok,
volk_64f_convert_32f,u_sse2,impl,ok,
volk_64f_convert_32f,generic,misaligned,ok,
volk_64f_convert_32f,u_avx,misaligned,ok,
volk_64f_convert_32f,u_avx512f,misaligned,ok,
volk_64f_convert_32f,u_sse2,misaligned,ok,
volk_64f_x2_add_64f,a_avx,canary,ok,
volk_64f_x2_add_64f,a_sse2,canary,ok,
volk_64f_x2_add_64f,generic,canary,ok,
volk_64f_x2_add_64f,u_avx,canary,ok,
volk_64f_x2_add_64f,u_sse2,canary,ok,
volk_64f_x2_add_64f,a_avx,immutable,ok,
volk_64f_x2_add_64f,a_sse2,immutable,ok,
volk_64f_x2_add_64f,generic,immutable,ok,
volk_64f_x2_add_64f,u_avx,immutable,ok,
volk_64f_x2_add_64f,u_sse2,immutable,ok,
volk_64f_x2_add_64f,a_avx,impl,ok,
volk_64f_x2_add_64f,a_sse2,impl,ok,
volk_64f_x2_add_64f,generic,impl,ok,
volk_64f_x2_add_64f,u_avx,impl,ok,
volk_64f_x2_add_64f,u_sse2,impl,ok,
volk_64f_x2_add_64f,generic,misaligned,ok,
volk_64f_x2_add_64f,u_avx,misaligned,ok,
volk_64f_x2_add_64f,u_sse2,misaligned,ok,
volk_64f_x2_dot_prod_64f,a_avx,canary,partial,2 3 4 5 6 7 8 9 10 11 12 13 14 15 16 17 18 19 20 21 22 23 24 25 26 27 28 29 30 31 32 33 34 35 36 37 38 39 40 131071 1000003 
volk_64f_x2_dot_prod_64f,a_avx2_fma,canary,partial,2 3 4 5 6 7 8 9 10 11 12 13 14 15 16 17 18 19 20 21 22 23 24 25 26 27 28 29 30 31 32 33 34 35 36 37 38 39 40 131071 1000003 
volk_64f_x2_dot_prod_64f,a_avx512f,canary,partial,2 3 4 5 6 7 8 9 10 11 12 13 14 15 16 17 18 19 20 21 22 23 24 25 26 27 28 29 30 31 32 33 34 35 36 37 38 39 40 131071 1000003 
volk_64f_x2_dot_prod_64f,a_sse2,canary,partial,2 3 4 5 6 7 8 9 10 11 12 13 14 15 16 17 18 19 20 21 22 23 24 25 26 27 28 29 30 31 32 33 34 35 36 37 38 39 40 131071 1000003 
volk_64f_x2_dot_prod_64f,generic,canary,partial,2 3 4 5 6 7 8 9 10 11 12 13 14 15 16 17 18 19 20 21 22 23 24 25 26 27 28 29 30 31 32 33 34 35 36 37 38 39 40 131071 1000003 
volk_64f_x2_dot_prod_64f,u_avx,canary,partial,2 3 4 5 6 7 8 9 10 11 12 13 14 15 16 17 18 19 20 21 22 23 24 25 26 27 28 29 30 31 32 33 34 35 36 37 38 39 40 131071 1000003 
volk_64f_x2_dot_prod_64f,u_avx2_fma,canary,partial,2 3 4 5 6 7 8 9 10 11 12 13 14 15 16 17 18 19 20 21 22 23 24 25 26 27 28 29 30 31 32 33 34 35 36 37 38 39 40 131071 1000003 
volk_64f_x2_dot_prod_64f,u_avx512f,canary,partial,2 3 4 5 6 7 8 9 10 11 12 13 14 15 16 17 18 19 20 21 22 23 24 25 26 27 28 29 30 31 32 33 34 35 36 37 38 39 40 131071 1000003 
volk_64f_x2_dot_prod_64f,u_sse2,canary,partial,2 3 4 5 6 7 8 9 10 11 12 13 14 15 16 17 18 19 20 21 22 23 24 25 26 27 28 29 30 31 32 33 34 35 36 37 38 39 40 131071 1000003 
volk_64f_x2_dot_prod_64f,a_avx,immutable,ok,
volk_64f_x2_dot_prod_64f,a_avx2_fma,immutable,ok,
volk_64f_x2_dot_prod_64f,a_avx512f,immutable,ok,
volk_64f_x2_dot_prod_64f,a_sse2,immutable,ok,
volk_64f_x2_dot_prod_64f,generic,immutable,ok,
volk_64f_x2_dot_prod_64f,u_avx,immutable,ok,
volk_64f_x2_dot_prod_64f,u_avx2_fma,immutable,ok,
volk_64f_x2_dot_prod_64f,u_avx512f,immutable,ok,
volk_64f_x2_dot_prod_64f,u_sse2,immutable,ok,
volk_64f_x2_dot_prod_64f,a_avx,impl,ok,
volk_64f_x2_dot_prod_64f,a_avx2_fma,impl,ok,
volk_64f_x2_dot_prod_64f,a_avx512f,impl,ok,
volk_64f_x2_dot_prod_64f,a_sse2,impl,ok,
volk_64f_x2_dot_prod_64f,generic,impl,ok,
volk_64f_x2_dot_prod_64f,u_avx,impl,ok,
volk_64f_x2_dot_prod_64f,u_avx2_fma,impl,ok,
volk_64f_x2_dot_prod_64f,u_avx512f,impl,ok,
volk_64f_x2_dot_prod_64f,u_sse2,impl,ok,
volk_64f_x2_dot_prod_64f,generic,misaligned,ok,
volk_64f_x2_dot_prod_64f,u_avx,misaligned,ok,
volk_64f_x2_dot_prod_64f,u_avx2_fma,misaligned,ok,
volk_64f_x2_dot_prod_64f,u_avx512f,misaligned,ok,
volk_64f_x2_dot_prod_64f,u_sse2,misaligned,ok,
volk_64f_x2_max_64f,a_avx,canary,ok,
volk_64f_x2_max_64f,a_avx512f,canary,ok,
volk_64f_x2_max_64f,a_sse2,canary,ok,
volk_64f_x2_max_64f,generic,canary,ok,
volk_64f_x2_max_64f,u_avx,canary,ok,
volk_64f_x2_max_64f,u_avx512f,canary,ok,
volk_64f_x2_max_64f,a_avx,immutable,ok,
volk_64f_x2_max_64f,a_avx512f,immutable,ok,
volk_64f_x2_max_64f,a_sse2,immutable,ok,
volk_64f_x2_max_64f,generic,immutable,ok,
volk_64f_x2_max_64f,u_avx,immutable,ok,
volk_64f_x2_max_64f,u_avx512f,immutable,ok,
volk_64f_x2_max_64f,a_avx,impl,ok,
volk_64f_x2_max_64f,a_avx512f,impl,ok,
volk_64f_x2_max_64f,a_sse2,impl,ok,
volk_64f_x2_max_64f,generic,impl,ok,
volk_64f_x2_max_64f,u_avx,impl,ok,
volk_64f_x2_max_64f,u_avx512f,impl,ok,
volk_64f_x2_max_64f,generic,misaligned,ok,
volk_64f_x2_max_64f,u_avx,misaligned,ok,
volk_64f_x2_max_64f,u_avx512f,misaligned,ok,
volk_64f_x2_min_64f,a_avx,canary,ok,
volk_64f_x2_min_64f,a_avx512f,canary,ok,
volk_64f_x2_min_64f,a_sse2,canary,ok,
volk_64f_x2_min_64f,generic,canary,ok,
volk_64f_x2_min_64f,u_avx,canary,ok,
volk_64f_x2_min_64f,u_avx512f,canary,ok,
volk_64f_x2_min_64f,a_avx,immutable,ok,
volk_64f_x2_min_64f,a_avx512f,immutable,ok,
volk_64f_x2_min_64f,a_sse2,immutable,ok,
volk_64f_x2_min_64f,generic,immutable,ok,
volk_64f_x2_min_64f,u_avx,immutable,ok,
volk_64f_x2_min_64f,u_avx512f,immutable,ok,
volk_64f_x2_min_64f,a_avx,impl,ok,
volk_64f_x2_min_64f,a_avx512f,impl,ok,
volk_64f_x2_min_64f,a_sse2,impl,ok,
volk_64f_x2_min_64f,generic,impl,ok,
volk_64f_x2_min_64f,u_avx,impl,ok,
volk_64f_x2_min_64f,u_avx512f,impl,ok,
volk_64f_x2_min_64f,generic,misaligned,ok,
volk_64f_x2_min_64f,u_avx,misaligned,ok,
volk_64f_x2_min_64f,u_avx512f,misaligned,ok,
volk_64f_x2_multiply_64f,a_avx,canary,ok,
volk_64f_x2_multiply_64f,a_sse2,canary,ok,
volk_64f_x2_multiply_64f,generic,canary,ok,
volk_64f_x2_multiply_64f,u_avx,canary,ok,
volk_64f_x2_multiply_64f,u_sse2,canary,ok,
volk_64f_x2_multiply_64f,a_avx,immutable,ok,
volk_64f_x2_multiply_64f,a_sse2,immutable,ok,
volk_64f_x2_multiply_64f,generic,immutable,ok,
volk_64f_x2_multiply_64f,u_avx,immutable,ok,
volk_64f_x2_multiply_64f,u_sse2,immutable,ok,
volk_64f_x2_multiply_64f,a_avx,impl,ok,
volk_64f_x2_multiply_64f,a_sse2,impl,ok,
volk_64f_x2_multiply_64f,generic,impl,ok,
volk_64f_x2_multiply_64f,u_avx,impl,ok,
volk_64f_x2_multiply_64f,u_sse2,impl,ok,
volk_64f_x2_multiply_64f,generic,misaligned,ok,
volk_64f_x2_multiply_64f,u_avx,misaligned,ok,
volk_64f_x2_multiply_64f,u_sse2,misaligned,ok,
volk_64u_byteswap,-,canary,skip,no-qa-entry
volk_64u_byteswap,-,immutable,skip,no-qa-entry
volk_64u_byteswap,-,misaligned,skip,no-qa-entry
volk_64u_byteswap,-,sweep,skip,no-qa-entry
volk_64u_byteswappuppet_64u,-,canary,skip,
volk_64u_byteswappuppet_64u,-,immutable,skip,
volk_64u_byteswappuppet_64u,a_avx2,impl,ok,
volk_64u_byteswappuppet_64u,a_sse2,impl,ok,
volk_64u_byteswappuppet_64u,a_ssse3,impl,ok,
volk_64u_byteswappuppet_64u,generic,impl,ok,
volk_64u_byteswappuppet_64u,u_avx2,impl,ok,
volk_64u_byteswappuppet_64u,u_sse2,impl,ok,
volk_64u_byteswappuppet_64u,u_ssse3,impl,ok,
volk_64u_byteswappuppet_64u,-,misaligned,skip,
volk_64u_popcnt,-,canary,skip,no-qa-entry
volk_64u_popcnt,-,immutable,skip,no-qa-entry
volk_64u_popcnt,-,misaligned,skip,no-qa-entry
volk_64u_popcnt,-,sweep,skip,no-qa-entry
volk_64u_popcntpuppet_64u,-,canary,skip,
volk_64u_popcntpuppet_64u,-,immutable,skip,
volk_64u_popcntpuppet_64u,a_sse4_2,impl,ok,
volk_64u_popcntpuppet_64u,generic,impl,ok,
volk_64u_popcntpuppet_64u,-,misaligned,skip,
volk_8i_convert_16i,a_avx2,canary,ok,
volk_8i_convert_16i,a_sse4_1,canary,ok,
volk_8i_convert_16i,generic,canary,ok,
volk_8i_convert_16i,u_avx2,canary,ok,
volk_8i_convert_16i,u_orc,canary,ok,
volk_8i_convert_16i,u_sse4_1,canary,ok,
volk_8i_convert_16i,a_avx2,immutable,ok,
volk_8i_convert_16i,a_sse4_1,immutable,ok,
volk_8i_convert_16i,generic,immutable,ok,
volk_8i_convert_16i,u_avx2,immutable,ok,
volk_8i_convert_16i,u_orc,immutable,ok,
volk_8i_convert_16i,u_sse4_1,immutable,ok,
volk_8i_convert_16i,a_avx2,impl,ok,
volk_8i_convert_16i,a_sse4_1,impl,ok,
volk_8i_convert_16i,generic,impl,ok,
volk_8i_convert_16i,u_avx2,impl,ok,
volk_8i_convert_16i,u_orc,impl,ok,
volk_8i_convert_16i,u_sse4_1,impl,ok,
volk_8i_convert_16i,generic,misaligned,ok,
volk_8i_convert_16i,u_avx2,misaligned,ok,
volk_8i_convert_16i,u_orc,misaligned,ok,
volk_8i_convert_16i,u_sse4_1,misaligned,ok,
volk_8i_s32f_convert_32f,a_avx2,canary,ok,
volk_8i_s32f_convert_32f,a_avx512,canary,ok,
volk_8i_s32f_convert_32f,a_sse4_1,canary,ok,
volk_8i_s32f_convert_32f,generic,canary,ok,
volk_8i_s32f_convert_32f,u_avx2,canary,ok,
volk_8i_s32f_convert_32f,u_avx512,canary,ok,
volk_8i_s32f_convert_32f,u_orc,canary,ok,
volk_8i_s32f_convert_32f,u_sse4_1,canary,ok,
volk_8i_s32f_convert_32f,a_avx2,immutable,ok,
volk_8i_s32f_convert_32f,a_avx512,immutable,ok,
volk_8i_s32f_convert_32f,a_sse4_1,immutable,ok,
volk_8i_s32f_convert_32f,generic,immutable,ok,
volk_8i_s32f_convert_32f,u_avx2,immutable,ok,
volk_8i_s32f_convert_32f,u_avx512,immutable,ok,
volk_8i_s32f_convert_32f,u_orc,immutable,ok,
volk_8i_s32f_convert_32f,u_sse4_1,immutable,ok,
volk_8i_s32f_convert_32f,a_avx2,impl,ok,
volk_8i_s32f_convert_32f,a_avx512,impl,ok,
volk_8i_s32f_convert_32f,a_sse4_1,impl,ok,
volk_8i_s32f_convert_32f,generic,impl,ok,
volk_8i_s32f_convert_32f,u_avx2,impl,ok,
volk_8i_s32f_convert_32f,u_avx512,impl,ok,
volk_8i_s32f_convert_32f,u_orc,impl,ok,
volk_8i_s32f_convert_32f,u_sse4_1,impl,ok,
volk_8i_s32f_convert_32f,generic,misaligned,ok,
volk_8i_s32f_convert_32f,u_avx2,misaligned,ok,
volk_8i_s32f_convert_32f,u_avx512,misaligned,ok,
volk_8i_s32f_convert_32f,u_orc,misaligned,ok,
volk_8i_s32f_convert_32f,u_sse4_1,misaligned,ok,
volk_8i_x2_add_saturated_8i,a_avx2,canary,ok,
volk_8i_x2_add_saturated_8i,a_sse2,canary,ok,
volk_8i_x2_add_saturated_8i,generic,canary,ok,
volk_8i_x2_add_saturated_8i,u_avx2,canary,ok,
volk_8i_x2_add_saturated_8i,u_sse2,canary,ok,
volk_8i_x2_add_saturated_8i,a_avx2,immutable,ok,
volk_8i_x2_add_saturated_8i,a_sse2,immutable,ok,
volk_8i_x2_add_saturated_8i,generic,immutable,ok,
volk_8i_x2_add_saturated_8i,u_avx2,immutable,ok,
volk_8i_x2_add_saturated_8i,u_sse2,immutable,ok,
volk_8i_x2_add_saturated_8i,a_avx2,impl,ok,
volk_8i_x2_add_saturated_8i,a_sse2,impl,ok,
volk_8i_x2_add_saturated_8i,generic,impl,ok,
volk_8i_x2_add_saturated_8i,u_avx2,impl,ok,
volk_8i_x2_add_saturated_8i,u_sse2,impl,ok,
volk_8i_x2_add_saturated_8i,generic,misaligned,ok,
volk_8i_x2_add_saturated_8i,u_avx2,misaligned,ok,
volk_8i_x2_add_saturated_8i,u_sse2,misaligned,ok,
volk_8ic_deinterleave_16i_x2,a_avx,canary,ok,
volk_8ic_deinterleave_16i_x2,a_avx2,canary,ok,
volk_8ic_deinterleave_16i_x2,a_sse4_1,canary,ok,
volk_8ic_deinterleave_16i_x2,generic,canary,ok,
volk_8ic_deinterleave_16i_x2,u_avx2,canary,ok,
volk_8ic_deinterleave_16i_x2,a_avx,immutable,ok,
volk_8ic_deinterleave_16i_x2,a_avx2,immutable,ok,
volk_8ic_deinterleave_16i_x2,a_sse4_1,immutable,ok,
volk_8ic_deinterleave_16i_x2,generic,immutable,ok,
volk_8ic_deinterleave_16i_x2,u_avx2,immutable,ok,
volk_8ic_deinterleave_16i_x2,a_avx,impl,ok,
volk_8ic_deinterleave_16i_x2,a_avx2,impl,ok,
volk_8ic_deinterleave_16i_x2,a_sse4_1,impl,ok,
volk_8ic_deinterleave_16i_x2,generic,impl,ok,
volk_8ic_deinterleave_16i_x2,u_avx2,impl,ok,
volk_8ic_deinterleave_16i_x2,generic,misaligned,ok,
volk_8ic_deinterleave_16i_x2,u_avx2,misaligned,ok,
volk_8ic_deinterleave_real_16i,a_avx,canary,ok,
volk_8ic_deinterleave_real_16i,a_avx2,canary,ok,
volk_8ic_deinterleave_real_16i,a_sse4_1,canary,ok,
volk_8ic_deinterleave_real_16i,generic,canary,ok,
volk_8ic_deinterleave_real_16i,u_avx2,canary,ok,
volk_8ic_deinterleave_real_16i,a_avx,immutable,ok,
volk_8ic_deinterleave_real_16i,a_avx2,immutable,ok,
volk_8ic_deinterleave_real_16i,a_sse4_1,immutable,ok,
volk_8ic_deinterleave_real_16i,generic,immutable,ok,
volk_8ic_deinterleave_real_16i,u_avx2,immutable,ok,
volk_8ic_deinterleave_real_16i,a_avx,impl,ok,
volk_8ic_deinterleave_real_16i,a_avx2,impl,ok,
volk_8ic_deinterleave_real_16i,a_sse4_1,impl,ok,
volk_8ic_deinterleave_real_16i,generic,impl,ok,
volk_8ic_deinterleave_real_16i,u_avx2,impl,ok,
volk_8ic_deinterleave_real_16i,generic,misaligned,ok,
volk_8ic_deinterleave_real_16i,u_avx2,misaligned,ok,
volk_8ic_deinterleave_real_8i,a_avx,canary,ok,
volk_8ic_deinterleave_real_8i,a_avx2,canary,ok,
volk_8ic_deinterleave_real_8i,a_ssse3,canary,ok,
volk_8ic_deinterleave_real_8i,generic,canary,ok,
volk_8ic_deinterleave_real_8i,u_avx2,canary,ok,
volk_8ic_deinterleave_real_8i,a_avx,immutable,ok,
volk_8ic_deinterleave_real_8i,a_avx2,immutable,ok,
volk_8ic_deinterleave_real_8i,a_ssse3,immutable,ok,
volk_8ic_deinterleave_real_8i,generic,immutable,ok,
volk_8ic_deinterleave_real_8i,u_avx2,immutable,ok,
volk_8ic_deinterleave_real_8i,a_avx,impl,ok,
volk_8ic_deinterleave_real_8i,a_avx2,impl,ok,
volk_8ic_deinterleave_real_8i,a_ssse3,impl,ok,
volk_8ic_deinterleave_real_8i,generic,impl,ok,
volk_8ic_deinterleave_real_8i,u_avx2,impl,ok,
volk_8ic_deinterleave_real_8i,generic,misaligned,ok,
volk_8ic_deinterleave_real_8i,u_avx2,misaligned,ok,
volk_8ic_s32f_deinterleave_32f_x2,a_avx2,canary,ok,
volk_8ic_s32f_deinterleave_32f_x2,a_sse,canary,ok,
volk_8ic_s32f_deinterleave_32f_x2,a_sse4_1,canary,ok,
volk_8ic_s32f_deinterleave_32f_x2,generic,canary,ok,
volk_8ic_s32f_deinterleave_32f_x2,u_avx2,canary,ok,
volk_8ic_s32f_deinterleave_32f_x2,a_avx2,immutable,ok,
volk_8ic_s32f_deinterleave_32f_x2,a_sse,immutable,ok,
volk_8ic_s32f_deinterleave_32f_x2,a_sse4_1,immutable,ok,
volk_8ic_s32f_deinterleave_32f_x2,generic,immutable,ok,
volk_8ic_s32f_deinterleave_32f_x2,u_avx2,immutable,ok,
volk_8ic_s32f_deinterleave_32f_x2,a_avx2,impl,ok,
volk_8ic_s32f_deinterleave_32f_x2,a_sse,impl,ok,
volk_8ic_s32f_deinterleave_32f_x2,a_sse4_1,impl,ok,
volk_8ic_s32f_deinterleave_32f_x2,generic,impl,ok,
volk_8ic_s32f_deinterleave_32f_x2,u_avx2,impl,ok,
volk_8ic_s32f_deinterleave_32f_x2,generic,misaligned,ok,
volk_8ic_s32f_deinterleave_32f_x2,u_avx2,misaligned,ok,
volk_8ic_s32f_deinterleave_real_32f,a_avx2,canary,ok,
volk_8ic_s32f_deinterleave_real_32f,a_sse,canary,ok,
volk_8ic_s32f_deinterleave_real_32f,a_sse4_1,canary,ok,
volk_8ic_s32f_deinterleave_real_32f,generic,canary,ok,
volk_8ic_s32f_deinterleave_real_32f,u_avx2,canary,ok,
volk_8ic_s32f_deinterleave_real_32f,a_avx2,immutable,ok,
volk_8ic_s32f_deinterleave_real_32f,a_sse,immutable,ok,
volk_8ic_s32f_deinterleave_real_32f,a_sse4_1,immutable,ok,
volk_8ic_s32f_deinterleave_real_32f,generic,immutable,ok,
volk_8ic_s32f_deinterleave_real_32f,u_avx2,immutable,ok,
volk_8ic_s32f_deinterleave_real_32f,a_avx2,impl,ok,
volk_8ic_s32f_deinterleave_real_32f,a_sse,impl,ok,
volk_8ic_s32f_deinterleave_real_32f,a_sse4_1,impl,ok,
volk_8ic_s32f_deinterleave_real_32f,generic,impl,ok,
volk_8ic_s32f_deinterleave_real_32f,u_avx2,impl,ok,
volk_8ic_s32f_deinterleave_real_32f,generic,misaligned,ok,
volk_8ic_s32f_deinterleave_real_32f,u_avx2,misaligned,ok,
volk_8ic_x2_multiply_conjugate_16ic,a_avx2,canary,ok,
volk_8ic_x2_multiply_conjugate_16ic,a_sse4_1,canary,ok,
volk_8ic_x2_multiply_conjugate_16ic,generic,canary,ok,
volk_8ic_x2_multiply_conjugate_16ic,u_avx2,canary,ok,
volk_8ic_x2_multiply_conjugate_16ic,a_avx2,immutable,ok,
volk_8ic_x2_multiply_conjugate_16ic,a_sse4_1,immutable,ok,
volk_8ic_x2_multiply_conjugate_16ic,generic,immutable,ok,
volk_8ic_x2_multiply_conjugate_16ic,u_avx2,immutable,ok,
volk_8ic_x2_multiply_conjugate_16ic,a_avx2,impl,ok,
volk_8ic_x2_multiply_conjugate_16ic,a_sse4_1,impl,ok,
volk_8ic_x2_multiply_conjugate_16ic,generic,impl,ok,
volk_8ic_x2_multiply_conjugate_16ic,u_avx2,impl,ok,
volk_8ic_x2_multiply_conjugate_16ic,generic,misaligned,ok,
volk_8ic_x2_multiply_conjugate_16ic,u_avx2,misaligned,ok,
volk_8ic_x2_s32f_multiply_conjugate_32fc,a_avx2,canary,ok,
volk_8ic_x2_s32f_multiply_conjugate_32fc,a_sse4_1,canary,ok,
volk_8ic_x2_s32f_multiply_conjugate_32fc,generic,canary,ok,
volk_8ic_x2_s32f_multiply_conjugate_32fc,u_avx2,canary,ok,
volk_8ic_x2_s32f_multiply_conjugate_32fc,a_avx2,immutable,ok,
volk_8ic_x2_s32f_multiply_conjugate_32fc,a_sse4_1,immutable,ok,
volk_8ic_x2_s32f_multiply_conjugate_32fc,generic,immutable,ok,
volk_8ic_x2_s32f_multiply_conjugate_32fc,u_avx2,immutable,ok,
volk_8ic_x2_s32f_multiply_conjugate_32fc,a_avx2,impl,ok,
volk_8ic_x2_s32f_multiply_conjugate_32fc,a_sse4_1,impl,ok,
volk_8ic_x2_s32f_multiply_conjugate_32fc,generic,impl,ok,
volk_8ic_x2_s32f_multiply_conjugate_32fc,u_avx2,impl,ok,
volk_8ic_x2_s32f_multiply_conjugate_32fc,generic,misaligned,ok,
volk_8ic_x2_s32f_multiply_conjugate_32fc,u_avx2,misaligned,ok,
volk_8u_conv_k7_r2puppet_8u,-,canary,skip,
volk_8u_conv_k7_r2puppet_8u,-,immutable,skip,
volk_8u_conv_k7_r2puppet_8u,-,misaligned,skip,
volk_8u_conv_k7_r2puppet_8u,-,sweep,abort,signal=SIGABRT
volk_8u_x2_add_saturated_8u,a_avx2,canary,ok,
volk_8u_x2_add_saturated_8u,a_sse2,canary,ok,
volk_8u_x2_add_saturated_8u,generic,canary,ok,
volk_8u_x2_add_saturated_8u,u_avx2,canary,ok,
volk_8u_x2_add_saturated_8u,u_sse2,canary,ok,
volk_8u_x2_add_saturated_8u,a_avx2,immutable,ok,
volk_8u_x2_add_saturated_8u,a_sse2,immutable,ok,
volk_8u_x2_add_saturated_8u,generic,immutable,ok,
volk_8u_x2_add_saturated_8u,u_avx2,immutable,ok,
volk_8u_x2_add_saturated_8u,u_sse2,immutable,ok,
volk_8u_x2_add_saturated_8u,a_avx2,impl,ok,
volk_8u_x2_add_saturated_8u,a_sse2,impl,ok,
volk_8u_x2_add_saturated_8u,generic,impl,ok,
volk_8u_x2_add_saturated_8u,u_avx2,impl,ok,
volk_8u_x2_add_saturated_8u,u_sse2,impl,ok,
volk_8u_x2_add_saturated_8u,generic,misaligned,ok,
volk_8u_x2_add_saturated_8u,u_avx2,misaligned,ok,
volk_8u_x2_add_saturated_8u,u_sse2,misaligned,ok,
volk_8u_x2_encodeframepolar_8u,-,canary,skip,no-qa-entry
volk_8u_x2_encodeframepolar_8u,-,immutable,skip,no-qa-entry
volk_8u_x2_encodeframepolar_8u,-,misaligned,skip,no-qa-entry
volk_8u_x2_encodeframepolar_8u,-,sweep,skip,no-qa-entry
volk_8u_x3_encodepolar_8u_x2,-,canary,skip,no-qa-entry
volk_8u_x3_encodepolar_8u_x2,-,immutable,skip,no-qa-entry
volk_8u_x3_encodepolar_8u_x2,-,misaligned,skip,no-qa-entry
volk_8u_x3_encodepolar_8u_x2,-,sweep,skip,no-qa-entry
volk_8u_x3_encodepolarpuppet_8u,-,canary,skip,
volk_8u_x3_encodepolarpuppet_8u,-,immutable,skip,
volk_8u_x3_encodepolarpuppet_8u,a_avx2,impl,ok,
volk_8u_x3_encodepolarpuppet_8u,a_ssse3,impl,ok,
volk_8u_x3_encodepolarpuppet_8u,generic,impl,ok,
volk_8u_x3_encodepolarpuppet_8u,u_avx2,impl,ok,
volk_8u_x3_encodepolarpuppet_8u,u_ssse3,impl,ok,
volk_8u_x3_encodepolarpuppet_8u,-,misaligned,skip,
volk_8u_x4_conv_k7_r2_8u,-,canary,skip,no-qa-entry
volk_8u_x4_conv_k7_r2_8u,-,immutable,skip,no-qa-entry
volk_8u_x4_conv_k7_r2_8u,-,misaligned,skip,no-qa-entry
volk_8u_x4_conv_k7_r2_8u,-,sweep,skip,no-qa-entry
